NOC,StartYear,EndYear,Country,GwCodes,Status,Reason
AFG,1956,1988,Afghanistan,700,mapped,
AHO,1952,1988,Netherlands Antilles,,excluded_non_sovereign,Olympic delegation does not correspond to an independent sovereign-state geometry in the adopted CShapes choropleth.
ALB,1972,1972,Albania,339,mapped,
ALG,1964,1988,Algeria,615,mapped,
AND,1976,1988,Andorra,,excluded_no_cshapes_geometry,No corresponding geometry is available in the adopted CShapes/Gleditsch-Ward sovereign-state basemap for this Olympic scope.
ANG,1980,1988,Angola,540,mapped,
ANT,1976,1988,Antigua and Barbuda,,excluded_no_cshapes_geometry,No corresponding geometry is available in the adopted CShapes/Gleditsch-Ward sovereign-state basemap for this Olympic scope.
ARG,1952,1988,Argentina,160,mapped,
ARU,1988,1988,Aruba,,excluded_non_sovereign,Olympic delegation does not correspond to an independent sovereign-state geometry in the adopted CShapes choropleth.
ASA,1988,1988,American Samoa,,excluded_non_sovereign,Olympic delegation does not correspond to an independent sovereign-state geometry in the adopted CShapes choropleth.
AUS,1952,1988,Australia,900,mapped,
AUT,1952,1988,Austria,305,mapped,
BAH,1952,1988,Bahamas,31,mapped,
BAN,1984,1988,Bangladesh,771,mapped,
BAR,1968,1988,Barbados,53,mapped,
BEL,1952,1988,Belgium,211,mapped,
BEN,1972,1988,Benin,434,mapped,
BER,1952,1988,Bermuda,,excluded_non_sovereign,Olympic delegation does not correspond to an independent sovereign-state geometry in the adopted CShapes choropleth.
BHU,1984,1988,Bhutan,760,mapped,
BIZ,1968,1988,Belize,80,mapped,
BOL,1964,1988,Bolivia,145,mapped,
BOT,1980,1988,Botswana,571,mapped,
BRA,1952,1988,Brazil,140,mapped,
BRN,1984,1988,Bahrain,692,mapped,
BUL,1952,1988,Bulgaria,355,mapped,
BUR,1972,1988,Burkina Faso,439,mapped,
CAF,1968,1988,Central African Republic,482,mapped,
CAM,1956,1972,Cambodia,811,mapped,
CAN,1952,1988,Canada,20,mapped,
CAY,1976,1988,Cayman Islands,,excluded_non_sovereign,Olympic delegation does not correspond to an independent sovereign-state geometry in the adopted CShapes choropleth.
CGO,1964,1988,Congo (Brazzaville),484,mapped,
CHA,1964,1988,Chad,483,mapped,
CHI,1952,1988,Chile,155,mapped,
CHN,1952,1988,China,710,mapped,
CIV,1964,1988,Cote d'Ivoire,437,mapped,
CMR,1964,1988,Cameroon,471,mapped,
COD,1968,1988,Congo (Kinshasa),490,mapped,
COK,1988,1988,Cook Islands,,excluded_non_sovereign,Olympic delegation does not correspond to an independent sovereign-state geometry in the adopted CShapes choropleth.
COL,1956,1988,Colombia,100,mapped,
CRC,1964,1988,Costa Rica,94,mapped,
CUB,1952,1980,Cuba,40,mapped,
CYP,1980,1988,Cyprus,352,mapped,
DEN,1952,1988,Denmark,390,mapped,
DJI,1984,1988,Djibouti,522,mapped,
DOM,1964,1988,Dominican Republic,42,mapped,
ECU,1968,1988,Ecuador,130,mapped,
EGY,1952,1988,Egypt,651,mapped,
ESA,1968,1988,El Salvador,92,mapped,
ESP,1952,1988,Spain,230,mapped,
ETH,1956,1980,Ethiopia,530,mapped,
FIJ,1956,1988,Fiji,950,mapped,
FIN,1952,1988,Finland,375,mapped,
FRA,1952,1988,France,220,mapped,
FRG,1968,1988,West Germany,260,mapped,
GAB,1972,1988,Gabon,481,mapped,
GAM,1984,1988,Gambia,420,mapped,
GBR,1952,1988,Great Britain,200,mapped,
GDR,1968,1988,East Germany,265,mapped,
GEQ,1984,1988,Equatorial Guinea,411,mapped,
GER,1952,1952,Germany,260,mapped,
GER,1956,1964,United Team of Germany,260;265,mapped,
GHA,1952,1988,Ghana,452,mapped,
GRE,1952,1988,Greece,350,mapped,
GRN,1984,1988,Grenada,,excluded_no_cshapes_geometry,No corresponding geometry is available in the adopted CShapes/Gleditsch-Ward sovereign-state basemap for this Olympic scope.
GUA,1952,1988,Guatemala,90,mapped,
GUI,1968,1988,Guinea,438,mapped,
GUM,1988,1988,Guam,,excluded_non_sovereign,Olympic delegation does not correspond to an independent sovereign-state geometry in the adopted CShapes choropleth.
GUY,1952,1988,Guyana,110,mapped,
HAI,1960,1988,Haiti,41,mapped,
HKG,1952,1988,Hong Kong,,excluded_non_sovereign,Olympic delegation does not correspond to an independent sovereign-state geometry in the adopted CShapes choropleth.
HON,1968,1988,Honduras,91,mapped,
HUN,1952,1988,Hungary,310,mapped,
INA,1952,1988,Indonesia,850,mapped,
IND,1952,1988,India,750,mapped,
IRI,1952,1988,Iran,630,mapped,
IRL,1952,1988,Ireland,205,mapped,
IRQ,1960,1988,Iraq,645,mapped,
ISL,1952,1988,Iceland,395,mapped,
ISR,1952,1988,Israel,666,mapped,
ISV,1968,1988,United States Virgin Islands,,excluded_non_sovereign,Olympic delegation does not correspond to an independent sovereign-state geometry in the adopted CShapes choropleth.
ITA,1952,1988,Italy,325,mapped,
IVB,1984,1988,British Virgin Islands,,excluded_non_sovereign,Olympic delegation does not correspond to an independent sovereign-state geometry in the adopted CShapes choropleth.
JAM,1952,1988,Jamaica,51,mapped,
JOR,1980,1988,Jordan,663,mapped,
JPN,1952,1988,Japan,740,mapped,
KEN,1956,1988,Kenya,501,mapped,
KOR,1952,1988,South Korea,732,mapped,
KSA,1972,1988,Saudi Arabia,670,mapped,
KUW,1968,1988,Kuwait,690,mapped,
LAO,1980,1988,Laos,812,mapped,
LBA,1968,1988,Libya,620,mapped,
LBR,1956,1988,Liberia,450,mapped,
LES,1972,1988,Lesotho,570,mapped,
LIB,1952,1988,Lebanon,660,mapped,
LIE,1952,1988,Liechtenstein,,excluded_no_cshapes_geometry,No corresponding geometry is available in the adopted CShapes/Gleditsch-Ward sovereign-state basemap for this Olympic scope.
LUX,1952,1988,Luxembourg,212,mapped,
MAD,1964,1984,Madagascar,580,mapped,
MAL,1956,1960,Malaya,820,mapped,
MAR,1960,1988,Morocco,600,mapped,
MAS,1964,1988,Malaysia,820,mapped,
MAW,1972,1988,Malawi,553,mapped,
MDV,1988,1988,Maldives,781,mapped,
MEX,1952,1988,Mexico,70,mapped,
MGL,1964,1988,Mongolia,712,mapped,
MLI,1964,1988,Mali,432,mapped,
MLT,1960,1988,Malta,338,mapped,
MON,1952,1988,Monaco,,excluded_no_cshapes_geometry,No corresponding geometry is available in the adopted CShapes/Gleditsch-Ward sovereign-state basemap for this Olympic scope.
MOZ,1980,1988,Mozambique,541,mapped,
MRI,1984,1988,Mauritius,590,mapped,
MTN,1984,1988,Mauritania,435,mapped,
MYA,1952,1988,Myanmar,775,mapped,
NBO,1956,1956,North Borneo,,excluded_non_sovereign,Olympic delegation does not correspond to an independent sovereign-state geometry in the adopted CShapes choropleth.
NCA,1968,1984,Nicaragua,93,mapped,
NED,1952,1988,Netherlands,210,mapped,
NEP,1964,1988,Nepal,790,mapped,
NGR,1952,1988,Nigeria,475,mapped,
NIG,1964,1988,Niger,436,mapped,
NOR,1952,1988,Norway,385,mapped,
NZL,1952,1988,New Zealand,920,mapped,
OMA,1984,1988,Oman,698,mapped,
PAK,1952,1988,Pakistan,770,mapped,
PAN,1952,1988,Panama,95,mapped,
PAR,1968,1988,Paraguay,150,mapped,
PER,1956,1988,Peru,135,mapped,
PHI,1952,1988,Philippines,840,mapped,
PNG,1976,1988,Papua New Guinea,910,mapped,
POL,1952,1988,Poland,290,mapped,
POR,1952,1988,Portugal,235,mapped,
PRK,1972,1980,North Korea,731,mapped,
PUR,1952,1988,Puerto Rico,,excluded_non_sovereign,Olympic delegation does not correspond to an independent sovereign-state geometry in the adopted CShapes choropleth.
QAT,1984,1988,Qatar,694,mapped,
RHO,1960,1960,Rhodesia,,excluded_no_cshapes_geometry,The 1960 Rhodesian Olympic delegation has no corresponding sovereign geometry in the adopted CShapes snapshot.
ROU,1952,1988,Romania,360,mapped,
RSA,1952,1960,South Africa,560,mapped,
RWA,1984,1988,Rwanda,517,mapped,
SAA,1952,1952,Saar,,excluded_non_sovereign,Olympic delegation does not correspond to an independent sovereign-state geometry in the adopted CShapes choropleth.
SAM,1984,1988,Samoa,,excluded_no_cshapes_geometry,No corresponding geometry is available in the adopted CShapes/Gleditsch-Ward sovereign-state basemap for this Olympic scope.
SEN,1964,1988,Senegal,433,mapped,
SEY,1980,1984,Seychelles,,excluded_no_cshapes_geometry,No corresponding geometry is available in the adopted CShapes/Gleditsch-Ward sovereign-state basemap for this Olympic scope.
SGP,1952,1988,Singapore,830,mapped,
SLE,1968,1988,Sierra Leone,451,mapped,
SMR,1960,1988,San Marino,,excluded_no_cshapes_geometry,No corresponding geometry is available in the adopted CShapes/Gleditsch-Ward sovereign-state basemap for this Olympic scope.
SOL,1984,1988,Solomon Islands,940,mapped,
SOM,1972,1988,Somalia,520,mapped,
SRI,1952,1988,Sri Lanka,780,mapped,
SUD,1960,1988,Sudan,625,mapped,
SUI,1952,1988,Switzerland,225,mapped,
SUR,1968,1988,Suriname,115,mapped,
SWE,1952,1988,Sweden,380,mapped,
SWZ,1972,1988,Swaziland,572,mapped,
SYR,1968,1988,Syria,652,mapped,
TAN,1964,1988,Tanzania,510,mapped,
TCH,1952,1988,Czechoslovakia,315,mapped,
TGA,1984,1988,Tonga,,excluded_no_cshapes_geometry,No corresponding geometry is available in the adopted CShapes/Gleditsch-Ward sovereign-state basemap for this Olympic scope.
THA,1952,1988,Thailand,800,mapped,
TOG,1972,1988,Togo,461,mapped,
TPE,1956,1988,Chinese Taipei,713,mapped,
TTO,1952,1988,Trinidad and Tobago,52,mapped,
TUN,1960,1988,Tunisia,616,mapped,
TUR,1952,1988,Turkey,640,mapped,
UAE,1984,1988,United Arab Emirates,696,mapped,
UAR,1960,1960,United Arab Republic,651;652,mapped,
UGA,1956,1988,Uganda,500,mapped,
URS,1952,1988,Soviet Union,365,mapped,
URU,1952,1988,Uruguay,165,mapped,
USA,1952,1988,United States,2,mapped,
VAN,1988,1988,Vanuatu,,excluded_no_cshapes_geometry,No corresponding geometry is available in the adopted CShapes/Gleditsch-Ward sovereign-state basemap for this Olympic scope.
VEN,1952,1988,Venezuela,101,mapped,
VIE,1980,1988,Vietnam,816,mapped,
VIN,1988,1988,Saint Vincent and the Grenadines,,excluded_no_cshapes_geometry,No corresponding geometry is available in the adopted CShapes/Gleditsch-Ward sovereign-state basemap for this Olympic scope.
VNM,1952,1952,South Vietnam,,excluded_no_cshapes_geometry,South Vietnam has no corresponding sovereign CShapes/Gleditsch-Ward geometry in the 1952 snapshot.
VNM,1956,1972,South Vietnam,817,mapped,
WIF,1960,1960,West Indies Federation,,excluded_composite_delegation,Composite Olympic delegation is not represented as a single sovereign CShapes state.
YAR,1984,1988,North Yemen,678,mapped,
YMD,1988,1988,South Yemen,680,mapped,
YUG,1952,1988,Yugoslavia,345,mapped,
ZAM,1964,1988,Zambia,551,mapped,
ZIM,1960,1960,Rhodesia,,excluded_no_cshapes_geometry,The 1960 Rhodesian/Zimbabwe entry has no corresponding sovereign geometry in the adopted CShapes snapshot.
ZIM,1964,1964,Rhodesia,552,mapped,
ZIM,1980,1988,Zimbabwe,552,mapped,
