olympedia_result_id,source_url,local_file,source,sha256,recorded_at
15000,https://www.olympedia.org/results/15000,15000.html,download,7a34441420bbe6b67d4428f3e1ca1974cbe174054e0f7d3c81a470669a5b7ad9,2026-08-27T12:21:59+00:00
15091,https://www.olympedia.org/results/15091,15091.html,download,3f783fba5edbd02264448ee929c45fa9904d4b17ad14b29aa23c9ae90781f751,2026-08-27T12:21:54+00:00
15139,https://www.olympedia.org/results/15139,15139.html,download,c81e19f3786d8d521f3cf7c25c16fd124a98d3b04ed1eb6079d9cf1f2c2c1688,2026-08-27T12:28:21+00:00
15190,https://www.olympedia.org/results/15190,15190.html,download,f5b48924c95cd821710f3b9547aa9915b4a2a9a8a26cdf0be91084ba5b3ae6cd,2026-08-27T12:28:12+00:00
15240,https://www.olympedia.org/results/15240,15240.html,download,539bb024cd76a239acb0f1dbb498ffe77944a57be3050a36efa54bd7a406e286,2026-08-27T12:28:26+00:00
15299,https://www.olympedia.org/results/15299,15299.html,download,93d4c6dd6714e2a1e40b928508352908de95ea2f06940b75b4fb194ea9aa6d8a,2026-08-27T12:28:08+00:00
15351,https://www.olympedia.org/results/15351,15351.html,download,f39fd8deef474ee0bf6fd96fdfce23e06d1b00ceee6de3687a18a37e96ab7dbd,2026-08-27T12:28:17+00:00
15391,https://www.olympedia.org/results/15391,15391.html,download,9be83506deb90b04b38497791dc4ead26409fcabd6aa4ea19b82941c316dffbc,2026-08-27T12:28:30+00:00
15442,https://www.olympedia.org/results/15442,15442.html,download,15696323656890b027464631885544b4bef7b76eb3b2d01b97f00c5203c89a40,2026-08-27T12:31:39+00:00
15492,https://www.olympedia.org/results/15492,15492.html,download,837ea9ab902377b6ab69a428a38c785439bf1d79e7be090ecb042e000512d669,2026-08-27T12:31:30+00:00
15540,https://www.olympedia.org/results/15540,15540.html,download,1bbf9e60fda73a8983b50ef441f2c0719d54878cd11db2b5b6538fac4945ee24,2026-08-27T12:31:44+00:00
15591,https://www.olympedia.org/results/15591,15591.html,download,e5950b5b619e41b37fe6f2d69c5ee7afdda6a3d3b96a12dd1387cf5a9a3c0a60,2026-08-27T12:31:26+00:00
15646,https://www.olympedia.org/results/15646,15646.html,download,0232bc7ad7ce58c8ee09e8b13dca3cf0bff429cfda1efcbf94fb73d964a3d78a,2026-08-27T12:31:35+00:00
15684,https://www.olympedia.org/results/15684,15684.html,download,1be870985ebfed032f244a017470d29a5e9753cc66d43f6df5d1f1cafcce6e00,2026-08-27T12:31:48+00:00
16446,https://www.olympedia.org/results/16446,16446.html,download,79537759abe88b283be931a35d8597c5b66366865b63d03932edc1a17692f571,2026-08-27T12:34:57+00:00
16505,https://www.olympedia.org/results/16505,16505.html,download,fb79441ec8b487c254ef74f978e1b4d17aeafc5493ec74e36f75cf2a3b36789c,2026-08-27T12:35:07+00:00
16571,https://www.olympedia.org/results/16571,16571.html,download,36b011736371cba242f6f35729fb12eb456610744cf9a216b2f23673e0723b3b,2026-08-27T12:35:20+00:00
16634,https://www.olympedia.org/results/16634,16634.html,download,7b86d36a589dae018a45e7f1a1af62942cca0e6eefaa139b3fa35760db8b7242,2026-08-27T12:35:11+00:00
16697,https://www.olympedia.org/results/16697,16697.html,download,b9c7dc863dffd00cdf123464448cdbc11061cb6c0d693512e7463a1fed4513c4,2026-08-27T12:35:24+00:00
16754,https://www.olympedia.org/results/16754,16754.html,download,398da56f23454bcd054b224becd0999bd108832c64767aa4fd1568675052a3b6,2026-08-27T12:35:02+00:00
16794,https://www.olympedia.org/results/16794,16794.html,download,81397f5e99ce74ac5089578540fbde63159a560d254dccbe5b62a75379c03332,2026-08-27T12:35:15+00:00
22468,https://www.olympedia.org/results/22468,22468.html,download,5ebb5ced65235afed60e6a1071ecfc6b24a567b14694b2b2800adc693765ac90,2026-08-27T12:14:24+00:00
22501,https://www.olympedia.org/results/22501,22501.html,download,d843a33974dbc4e55ac1a0f5390b862a71c722e12730ad31f2bc0f3e5bf5a0fe,2026-08-27T12:14:15+00:00
22529,https://www.olympedia.org/results/22529,22529.html,download,1efd7f5d66fb59c372282904cecc25ef85f6ab177d833b191ae385375398a8cf,2026-08-27T12:14:20+00:00
22564,https://www.olympedia.org/results/22564,22564.html,download,64636fbf0baa21d78aaea7877696eb44cc5a64d3a576a7035e30d11f29292ff8,2026-08-27T12:14:47+00:00
22596,https://www.olympedia.org/results/22596,22596.html,download,d75d27933474878eacc3fd50456fdd0e1388c89474ce738ccf02a8f77ed3ce77,2026-08-27T12:14:42+00:00
22629,https://www.olympedia.org/results/22629,22629.html,download,209a5828073200b7ff1170997217767a45548d9c45db49930b7d122d661ffdcc,2026-08-27T12:14:56+00:00
22663,https://www.olympedia.org/results/22663,22663.html,download,bbe2839c6680c84956d2652b4bdde01fdd1e246162aa28c5c10b2dcc8c6024be,2026-08-27T12:14:38+00:00
22691,https://www.olympedia.org/results/22691,22691.html,download,ab7178af0ecc4c521ca873e93d297942fc06322c8a2bdab7e9ee61a1b43220c8,2026-08-27T12:14:51+00:00
22719,https://www.olympedia.org/results/22719,22719.html,download,e515c8afc441af942ad5485b76f2469b4ea8b468a92aa68ec0a8f75ba14dd6d6,2026-08-27T12:14:33+00:00
22742,https://www.olympedia.org/results/22742,22742.html,download,3035310522397352883bf28600cd7c91d4d8fc6b14df812ccd16c1306b3b724b,2026-08-27T12:14:29+00:00
22769,https://www.olympedia.org/results/22769,22769.html,download,e228a0769f89bd634773202be4eba13557a4b27e43a603138726f3d3c5d80efe,2026-08-27T12:16:07+00:00
22839,https://www.olympedia.org/results/22839,22839.html,download,219d1f2ad748d95e2e2caf94d671bc401ff73873855388743b7d85877e887b82,2026-08-27T12:16:30+00:00
22862,https://www.olympedia.org/results/22862,22862.html,download,cfd3e6697fd9749c2063429d262ad44c40ca13147c00a765612f36686010ca3d,2026-08-27T12:16:26+00:00
22889,https://www.olympedia.org/results/22889,22889.html,download,cfa202ccc164ad029b24d77fc0899f86bf5384430d82429cf63edd42a311af8b,2026-08-27T12:16:39+00:00
22909,https://www.olympedia.org/results/22909,22909.html,download,dd4009c9bcdb6320328c3b957d54f193b7e038c9bd4a6a992493fe38d10cef9b,2026-08-27T12:16:21+00:00
22927,https://www.olympedia.org/results/22927,22927.html,download,d851092419c85918888ca1e531cf201bea522a53968948bdb40be76b06a3d7c6,2026-08-27T12:16:34+00:00
22945,https://www.olympedia.org/results/22945,22945.html,download,54cbc396291c1f8770e48dd06e89702710bff743d8289071e96ddc7dd8ee978e,2026-08-27T12:16:16+00:00
22960,https://www.olympedia.org/results/22960,22960.html,download,2395fa51783333ed5d9c24283f8a7c1a56b2ad80f874d6fb3cc8837a50dc4519,2026-08-27T12:16:12+00:00
22975,https://www.olympedia.org/results/22975,22975.html,download,7ea1e7510417cc4a246c7676c99225c75c9ca13b182ed363b43625f97dca9289,2026-08-27T12:18:36+00:00
23014,https://www.olympedia.org/results/23014,23014.html,download,75f370a7f8718b720901a3c2e604f6333e92b6cca15ece50119c045b5ba45632,2026-08-27T12:18:27+00:00
23053,https://www.olympedia.org/results/23053,23053.html,download,69cbb1127360993cb8a9173d6b8d44ab35b7e3ba64891b35b29926fc911259c1,2026-08-27T12:18:32+00:00
23089,https://www.olympedia.org/results/23089,23089.html,download,8428c6874c35d734542535a5352f96d525d4b8c2f1ab6e73673208a5ad18ad8c,2026-08-27T12:18:59+00:00
23129,https://www.olympedia.org/results/23129,23129.html,download,e850d3683e3fb0d50a80108410fcd3a119dcdeec7bb1c9d89ba4018f338edeec,2026-08-27T12:18:54+00:00
23169,https://www.olympedia.org/results/23169,23169.html,download,e4b35d7d2bb07f8bd6c844bacb7763721b9efdb6f257e015e27466b487551126,2026-08-27T12:19:08+00:00
23208,https://www.olympedia.org/results/23208,23208.html,download,6fc268565b2c2acda0cad72a4a9a71f6fbdb80ffac0c92e1369e3d3c7c42bb0a,2026-08-27T12:18:49+00:00
23236,https://www.olympedia.org/results/23236,23236.html,download,f3ba556fb016cbe25c2ec594590d8dab3c75cc7c520642b1c450df51c738c9bc,2026-08-27T12:19:03+00:00
23266,https://www.olympedia.org/results/23266,23266.html,download,c5d24fe7421454c2c19e0023095aa7ca888c2c3bdc2739ee9497cbd267b4caf2,2026-08-27T12:18:45+00:00
23290,https://www.olympedia.org/results/23290,23290.html,download,a6648de5c3763d6f20562bcdce1f16ad931550206aa77a91cff25f3d71e534eb,2026-08-27T12:18:41+00:00
23312,https://www.olympedia.org/results/23312,23312.html,download,c1691e5e15253a338d9d7c32766df6344e3a02f1b47d61766af22079e1c0d63c,2026-08-27T12:21:00+00:00
23345,https://www.olympedia.org/results/23345,23345.html,download,81f7f93941f6243a852a17a412d16f0f57a4c0f0953ee6d29632de78243977aa,2026-08-27T12:20:51+00:00
23382,https://www.olympedia.org/results/23382,23382.html,download,b788ddd93d2fe5b3fe9d6e785f40e631f2b0ca923cc3596210ec49a36b656c3e,2026-08-27T12:20:56+00:00
23419,https://www.olympedia.org/results/23419,23419.html,download,020b20993932788f587bf6f6ee10507fa35dfa806c8f96f39d71e9771028e7c6,2026-08-27T12:21:25+00:00
23459,https://www.olympedia.org/results/23459,23459.html,download,c71bb2217aece90a95fbd10b4b458312e1b3984db13bc92847f5adc19cd740c0,2026-08-27T12:21:18+00:00
23500,https://www.olympedia.org/results/23500,23500.html,download,7b9d7427cfac35d09e3b3e61f6d5246481ad483855869d4df232ca60d21542a9,2026-08-27T12:21:32+00:00
23535,https://www.olympedia.org/results/23535,23535.html,download,6330831c0d3352a75fdc150fe02b980606e038b8d1daa27721f964e6bdfddf06,2026-08-27T12:21:14+00:00
23565,https://www.olympedia.org/results/23565,23565.html,download,b41aa46046575b6d637807e53802178e03bceb01dd4e8625db951fe89dbc70a8,2026-08-27T12:21:27+00:00
23590,https://www.olympedia.org/results/23590,23590.html,download,bc46333d3099ff1f618199dc7b90e4452cee2bb82369e5230806add9463adc24,2026-08-27T12:21:09+00:00
23614,https://www.olympedia.org/results/23614,23614.html,download,470a063ada5f82c9cccb301437ba8679b56c5312010a12b443b437da2767ca46,2026-08-27T12:21:04+00:00
23632,https://www.olympedia.org/results/23632,23632.html,download,e5039559cc5b6dd72547215966d36983d610ae4bfaf6abf9ba8a30dc02b35da0,2026-08-27T12:23:51+00:00
23661,https://www.olympedia.org/results/23661,23661.html,download,d17db545321b7e699a226a86ccb6240e7a466b3322d7e32022893b8a48d254a5,2026-08-27T12:23:42+00:00
23692,https://www.olympedia.org/results/23692,23692.html,download,5f864b58bb84ed26ded19b9faba166c19b47a9828f3d82def02cf1703c5f48c8,2026-08-27T12:23:33+00:00
23737,https://www.olympedia.org/results/23737,23737.html,download,7b2088602b026891b7822392143e9bada70ef334a9b905822bea1c91344ae036,2026-08-27T12:23:38+00:00
23774,https://www.olympedia.org/results/23774,23774.html,download,5fae2a786c3c0116765b2b387e93924354449259d4cce560cc63c06ebca23f93,2026-08-27T12:24:09+00:00
23817,https://www.olympedia.org/results/23817,23817.html,download,8d580574e2868ef4719437fd7781a7bf374138a9abea6de6775ef1a4912e8083,2026-08-27T12:24:05+00:00
23859,https://www.olympedia.org/results/23859,23859.html,download,f1e05d3f6e06a9c0d3b35da9096a422de1b4f9ef43ac1026fc6665086798642d,2026-08-27T12:24:18+00:00
23898,https://www.olympedia.org/results/23898,23898.html,download,2a90d662ea5eda0833fd5088de9f62a29d40436a8b5850026168a0bf5ab9966e,2026-08-27T12:24:00+00:00
23930,https://www.olympedia.org/results/23930,23930.html,download,c67a1b5fa18f4e512711ce124dd9a88f46301d2cbe077bb81778760f87bb3a7f,2026-08-27T12:24:14+00:00
23958,https://www.olympedia.org/results/23958,23958.html,download,2007508685046447398e595f0704b0ed1f579c05354ca6746f52138e1c73b020,2026-08-27T12:23:56+00:00
23981,https://www.olympedia.org/results/23981,23981.html,download,d6053415426f4ef78a25ddfa705fd9baf8e045feb633196c71d0641660f09790,2026-08-27T12:23:47+00:00
24001,https://www.olympedia.org/results/24001,24001.html,download,a192a6c3ea184b3efe9c2d04fe39373bdae49e46388659e3f423392b57c02ca5,2026-08-27T12:27:09+00:00
24037,https://www.olympedia.org/results/24037,24037.html,download,e7ebbb795e07aa399dfcece55179c0cb2419886d1f36f915ff823b642863bb99,2026-08-27T12:27:00+00:00
24081,https://www.olympedia.org/results/24081,24081.html,download,8f1d32cf3351dd1c90e6a8f287fec3f41745d150ffb231358b330d3834173a87,2026-08-27T12:26:51+00:00
24125,https://www.olympedia.org/results/24125,24125.html,download,97638fb82a4009bba2dee6c2a90934aeb7cfe5ec1f5a8f3d92e7376462133ca3,2026-08-27T12:26:56+00:00
24176,https://www.olympedia.org/results/24176,24176.html,download,73411f5d5299d9f653b34e11d3581a5a6181ffcf6b2504d3a8789552d672853c,2026-08-27T12:27:27+00:00
24219,https://www.olympedia.org/results/24219,24219.html,download,b8daba6b38842128feefa3f612f17a8b51570cebd941421597f43a4ff3c106e7,2026-08-27T12:27:23+00:00
24256,https://www.olympedia.org/results/24256,24256.html,download,fcd1ec35fa532a15f2ead662ebfe01d4f7eb08f899475932e2ba57e4f9ab204c,2026-08-27T12:27:36+00:00
24299,https://www.olympedia.org/results/24299,24299.html,download,0c79c29acc58d2aeae02640c6b504f4ba8dc1c7c4351b171d94eeedac862c698,2026-08-27T12:27:18+00:00
24340,https://www.olympedia.org/results/24340,24340.html,download,2562b156ad6a07e9535cff43719e1457358c4db27dc369eade8257bf4977997c,2026-08-27T12:27:32+00:00
24367,https://www.olympedia.org/results/24367,24367.html,download,cfe27018f4376a2a8f227ffb84c065d7134594525b6894e11e504ddb0119d134,2026-08-27T12:27:14+00:00
24400,https://www.olympedia.org/results/24400,24400.html,download,f93f634f5bd591c7327a1a4709086c0b5f294fa3e884f8c7555f3e2864ad3b78,2026-08-27T12:27:05+00:00
24418,https://www.olympedia.org/results/24418,24418.html,download,6271f78eb6a068dafa035ced003dc5f4ef62598844ebfa9f4d90b2c047c74814,2026-08-27T12:30:32+00:00
24454,https://www.olympedia.org/results/24454,24454.html,download,9989fe4667587fad4949506f34cb874680cc4defbefcc56136e0b8cc18453819,2026-08-27T12:30:23+00:00
24495,https://www.olympedia.org/results/24495,24495.html,download,313e09dedc32c975d260dcbabd25aba6429dbae07277477ef7b55b37ac4d2983,2026-08-27T12:30:14+00:00
24540,https://www.olympedia.org/results/24540,24540.html,download,685a9572466cd3f78902bdfec0d38c61b190af38e2a16ddeb5c37f03fb0a2429,2026-08-27T12:30:19+00:00
24581,https://www.olympedia.org/results/24581,24581.html,download,8c7145996089f041a7730e6addb2ef2e3e38e7244001674ca10f1101c44d9335,2026-08-27T12:30:50+00:00
24621,https://www.olympedia.org/results/24621,24621.html,download,c25ebf221a1a04cc2ba7aff39106b3d466503a9c27fe551b993fb5f090d1e5f0,2026-08-27T12:30:45+00:00
24669,https://www.olympedia.org/results/24669,24669.html,download,11e4aa359636e4eb3589f91cc19e782e4bc2c62e1ed7273cf9e9baa6bb1b1750,2026-08-27T12:30:59+00:00
24713,https://www.olympedia.org/results/24713,24713.html,download,5473143065969939376ba3c863e147cf1b04175b3fd167e94053dfd9843ed321,2026-08-27T12:30:41+00:00
24746,https://www.olympedia.org/results/24746,24746.html,download,e2d05ae565b92df95a963dc7da81336567538ce8c24909920d77c9ffe125fa9e,2026-08-27T12:30:54+00:00
24775,https://www.olympedia.org/results/24775,24775.html,download,8c41ad052d3d8a515c9106cf29c02ae0cfe6f7bebb43d8bb1d6226af2942f3b0,2026-08-27T12:30:36+00:00
24804,https://www.olympedia.org/results/24804,24804.html,download,8e2feca618194ea324bd8cc8351fc7af27b076df7dac28f9215f3325f4862a77,2026-08-27T12:30:27+00:00
25579,https://www.olympedia.org/results/25579,25579.html,download,2e076b75efb08d0f5f145ab35c9468c0f13f9548caa37897fc1b034dcae90ea0,2026-08-27T12:33:50+00:00
25620,https://www.olympedia.org/results/25620,25620.html,download,dddd8eebc9ac2690ab9e554e1ea59b730ac4b235c4a0afb885ca6cea3b1c4288,2026-08-27T12:33:41+00:00
25670,https://www.olympedia.org/results/25670,25670.html,download,83ba923bea7e7c78f12546bc908afdc3406a00cf2c9ed99353457bb2b15af56f,2026-08-27T12:33:32+00:00
25725,https://www.olympedia.org/results/25725,25725.html,download,f6aa8f1450de9397b36dbef00ef0c5be66b7100be594534cbef7ef55d286ebfb,2026-08-27T12:33:36+00:00
25779,https://www.olympedia.org/results/25779,25779.html,download,37c6f9d102e3ef2911a806611d923d732ca28a42f8cfc6da56b6350790a69825,2026-08-27T12:34:08+00:00
25824,https://www.olympedia.org/results/25824,25824.html,download,f10b006b7e19861ec531109e08d9476dfe3ea01c49adbc265b873ff62e29a186,2026-08-27T12:34:03+00:00
25879,https://www.olympedia.org/results/25879,25879.html,download,1024057226791569f36e35645fe777285766730d776b0786e2f24185a6ab1813,2026-08-27T12:34:21+00:00
25929,https://www.olympedia.org/results/25929,25929.html,download,a30364d5154f3d812ecef5298a0ffca99ba9589765fdd9e52d6eb8b9e7156c25,2026-08-27T12:33:59+00:00
25972,https://www.olympedia.org/results/25972,25972.html,download,64d5446bf1e0ffb298691467da878b992edac43c435a9792fa48b727f3e483ed,2026-08-27T12:34:12+00:00
26012,https://www.olympedia.org/results/26012,26012.html,download,68ab9eac4c91111ed4f58af0f89b6a8979b6a7e5266698e7d6f6348e95938ccc,2026-08-27T12:33:54+00:00
26044,https://www.olympedia.org/results/26044,26044.html,download,1aa399ab96327e80447a492ef336c6819cc9be64adbd2504e27ee10981c07f4c,2026-08-27T12:33:45+00:00
26067,https://www.olympedia.org/results/26067,26067.html,download,00b4113cb7411422ee282f73cb2cd7ace239f83ecdf0ac823bd6740060c203d3,2026-08-27T12:34:17+00:00
31969,https://www.olympedia.org/results/31969,31969.html,download,bc1f9d3ec455e01904059188a3ff456e3a5dca20625c46f191fa60f814903b94,2026-08-27T12:14:12+00:00
32044,https://www.olympedia.org/results/32044,32044.html,download,845ff940a37b21bb2fa56ad41ee2f240e6f2d22a4e212ce7920e2f9423d0d795,2026-08-27T12:16:04+00:00
32115,https://www.olympedia.org/results/32115,32115.html,download,d925dd024bb71a9a9480db90ceec4434b4d2516b1c9baaece1942b661bcd301a,2026-08-27T12:18:26+00:00
32187,https://www.olympedia.org/results/32187,32187.html,download,d3ae21a6b1237f25572c54c3c928df70e077340b072ea776796cf2e7429d26c8,2026-08-27T12:20:47+00:00
32268,https://www.olympedia.org/results/32268,32268.html,download,d144ba6b18513aaed4c4b733408875a6de2b9a44c89dd485ec522d8e329a8edb,2026-08-27T12:23:29+00:00
32349,https://www.olympedia.org/results/32349,32349.html,download,27fbc296abf9dcc335218dda1776bd74c332a937c25283de04267bdb20789440,2026-08-27T12:26:47+00:00
32430,https://www.olympedia.org/results/32430,32430.html,download,cc2d1c4cc79422313a7093940a3b25c958ff1606494d55a28fe35ed505628ffc,2026-08-27T12:30:05+00:00
32480,https://www.olympedia.org/results/32480,32480.html,download,d93214b61b745069d171c4c03909f3a74a8cfe6c1fdf63257dd753cf0d84fbff,2026-08-27T12:30:09+00:00
32646,https://www.olympedia.org/results/32646,32646.html,download,c174354fcf21771f244077645be478ef4bb2407f674d8e6edcf9315d56136137,2026-08-27T12:33:24+00:00
32701,https://www.olympedia.org/results/32701,32701.html,download,d70139bcf24531d0642328c869c5e09100ffa4306b1f400d4a28cc5dd7abb923,2026-08-27T12:33:28+00:00
33688,https://www.olympedia.org/results/33688,33688.html,download,b1f47d6bfbe788c06174c0dc9a34e873b2e7c9192539ce4857641b6ad984bd90,2026-08-27T12:15:18+00:00
33721,https://www.olympedia.org/results/33721,33721.html,download,38d7fe3a3b8ff1594e8e1b95196f3237a2d53b640acabe58e632c5c5c3c7aebf,2026-08-27T12:17:02+00:00
33855,https://www.olympedia.org/results/33855,33855.html,download,5a1725287b7049e99f12f4752af4783c15b3128dac8554c94b5396eb721e3e3d,2026-08-27T12:27:59+00:00
34016,https://www.olympedia.org/results/34016,34016.html,download,b1a93d368943cc00500dbc8a39c0b14f4c57025041bb8c16661213cb7275f4f7,2026-08-27T12:34:44+00:00
34518,https://www.olympedia.org/results/34518,34518.html,download,178516f84e581e0e5837f76c7d54c84e913f569d98d70150fe0a7a483e13a31f,2026-08-27T12:28:05+00:00
34572,https://www.olympedia.org/results/34572,34572.html,download,a936a4b42dd98f85bef7ff99ea600ca2488c0baff8dc6ebbc6a653a0c4998638,2026-08-27T12:31:22+00:00
34742,https://www.olympedia.org/results/34742,34742.html,download,7998d796ec214643ada8da8ea9ac8c60a9ace273b7e9e9d5f07f242fc5b41298,2026-08-27T12:34:51+00:00
34783,https://www.olympedia.org/results/34783,34783.html,download,8f2219ff338d5987d7908104c3a332c6104a87fe6522950026bf19c7134ecdec,2026-08-27T12:34:54+00:00
37000,https://www.olympedia.org/results/37000,37000.html,download,1b50c6cef2cb6c481f5415aabdb2ec8437b0870dec3152b7bb1cb2e82474f0a7,2026-08-27T12:22:03+00:00
37048,https://www.olympedia.org/results/37048,37048.html,download,1e98110009b21281d36ba5a724a3001e8e773dbdda3d0720d9551327270cab67,2026-08-27T12:22:08+00:00
37066,https://www.olympedia.org/results/37066,37066.html,download,79ecd1ea67188d113b28967bc94fc1515c91e8b4ae6f042ea0cfa28e006b6c4d,2026-08-27T12:25:21+00:00
37114,https://www.olympedia.org/results/37114,37114.html,download,d5d2f105a44d0765b58b8dda89a3001f64cc50e4c35cdcdfab14c4f607caa122,2026-08-27T12:25:26+00:00
37404,https://www.olympedia.org/results/37404,37404.html,download,45068afb1a0db4e7238241725420d499d3619a40d48231c8cf563c7a42269b8b,2026-08-27T12:36:01+00:00
37454,https://www.olympedia.org/results/37454,37454.html,download,fe805f7a3600846c5c1affba0b3e7c2d799d2602a03e825e84002db03a39e247,2026-08-27T12:36:05+00:00
38237,https://www.olympedia.org/results/38237,38237.html,download,69fd5e8e155aa20f3daa0c6da342d4d8eac2f8201b7d9e16108b0e977818e5a2,2026-08-27T12:15:23+00:00
38305,https://www.olympedia.org/results/38305,38305.html,download,0401012d1e99fb059506c002611019be5cb6b28e91ee93c642aaa3009983dbf7,2026-08-27T12:17:06+00:00
38341,https://www.olympedia.org/results/38341,38341.html,download,6b78f0c816b2a44949e74a0410b7a0d7c1555e43675cfaefa2df8bca57d75b5d,2026-08-27T12:19:30+00:00
38391,https://www.olympedia.org/results/38391,38391.html,download,b4a1ad27d1904e38e82a8ccbc1ced75b17f9e9bb9d8b21bd0cab479e4c2b4122,2026-08-27T12:22:12+00:00
38432,https://www.olympedia.org/results/38432,38432.html,download,4aa99660ca1b0483fd5a8b97ad81477194a5457a0ad8d7ab0d3007ec27b7211f,2026-08-27T12:25:31+00:00
38502,https://www.olympedia.org/results/38502,38502.html,download,7c27a3a4d22cd25c05fc6b9ee50c02d4287b199951c4df516772d62ad06f5b2d,2026-08-27T12:28:35+00:00
38727,https://www.olympedia.org/results/38727,38727.html,download,486f51868b820ee12af16775820b5c9d6a970ff262abd004161fa52760d3436e,2026-08-27T12:36:10+00:00
45037,https://www.olympedia.org/results/45037,45037.html,download,768a865561cf41f5e6c2911ce992c5c4257f27b1c17693b9dd54875ae94d3402,2026-08-27T12:35:52+00:00
45106,https://www.olympedia.org/results/45106,45106.html,download,b9935e5996b1852862aa1f0a117e3e27efab05f26dfa9583b99ed03c342cfe24,2026-08-27T12:35:43+00:00
45142,https://www.olympedia.org/results/45142,45142.html,download,1169efac9e4cc992d0b0e36efe1bb0d113f935762fecfd361458f360dcb015ce,2026-08-27T12:35:56+00:00
45211,https://www.olympedia.org/results/45211,45211.html,download,4f1afa6051fdb98c12674102c437fb6a48340995e3fb75f075d57b677c89384c,2026-08-27T12:35:47+00:00
46500,https://www.olympedia.org/results/46500,46500.html,download,c14d22c70365ca96af30a14ff8c4a90cf6bedf994af48b94f7cbde89f02f0169,2026-08-27T12:35:34+00:00
46903,https://www.olympedia.org/results/46903,46903.html,download,d9d4d52d3f1db4a4828e1d5ffba0315bab3196c77c385ad480e3a9542ea765d0,2026-08-27T12:35:38+00:00
47065,https://www.olympedia.org/results/47065,47065.html,download,03a826aa1deeea742ef266cac1e167750c83576686b3bd6c2a59e03747b1ff62,2026-08-27T12:35:29+00:00
86512,https://www.olympedia.org/results/86512,86512.html,download,f3ad198eb77293d829c1adea64d54e78edfb48b94f6e7874c271c0a27d91b708,2026-08-27T12:15:00+00:00
86533,https://www.olympedia.org/results/86533,86533.html,download,e3112222559858c59eea39ca962809ac5dab456e0f15972b201ff451c6efdf32,2026-08-27T12:15:14+00:00
86553,https://www.olympedia.org/results/86553,86553.html,download,19cf468d747e4cd53654d76ff9667f5f5b0a5c14e2c7b1a2c55fc61af1da8b34,2026-08-27T12:15:09+00:00
86731,https://www.olympedia.org/results/86731,86731.html,download,0156307c59117682c29908e1b88316242456633a4d8e6d7cfcb50445699facd4,2026-08-27T12:15:05+00:00
86748,https://www.olympedia.org/results/86748,86748.html,download,d604e3e62e55ffc2d3dc1e7b16744c5229c94036a9fc16b01025d8915db3ee06,2026-08-27T12:16:44+00:00
86762,https://www.olympedia.org/results/86762,86762.html,download,939f19de0ad3c25c05e3c1904cae5e4b069129fd60a5a278f266dd28e3367bb0,2026-08-27T12:16:58+00:00
86781,https://www.olympedia.org/results/86781,86781.html,download,6dbcb117f7533d56a79f2496b4215cf37e0a4c44decc664eef81e92685576cc9,2026-08-27T12:16:53+00:00
86883,https://www.olympedia.org/results/86883,86883.html,download,b55641f8bc9ebca6f9bf5aa143e625408141e078af22364453c7f07c70186149,2026-08-27T12:16:48+00:00
86895,https://www.olympedia.org/results/86895,86895.html,download,aa109112d51215e6f10bd55106d9bddb74568444e7abbcb7522366bf70098c74,2026-08-27T12:19:14+00:00
87377,https://www.olympedia.org/results/87377,87377.html,download,b394408da10f76b1ddfae2939c457ddb6d30e4af019d2675cb5bca048cde5c53,2026-08-27T12:19:27+00:00
87876,https://www.olympedia.org/results/87876,87876.html,download,4a1b2d11284ae23dd99644a6a5c9246f5ecca7ef8849a8e900d541f444c85b55,2026-08-27T12:19:23+00:00
89864,https://www.olympedia.org/results/89864,89864.html,download,6184b6e7eff7a9ac2b4e715768f0818a7ffdf966e8896c264ac7686c42a4f23d,2026-08-27T12:19:19+00:00
90541,https://www.olympedia.org/results/90541,90541.html,download,8fd48320027a4a3532e2a4591f52390b75e0c2f5f0df70712089e4813fae85ec,2026-08-27T12:21:38+00:00
90845,https://www.olympedia.org/results/90845,90845.html,download,05e53198e4b7341fc847abf0e07952e56541fb00d1bdc0052f0b63545bcfb33b,2026-08-27T12:21:51+00:00
91259,https://www.olympedia.org/results/91259,91259.html,download,01b19e722384710f9e3c941f84432856fb65d82a4ef61dde61fdb9b61db8c28e,2026-08-27T12:21:47+00:00
92978,https://www.olympedia.org/results/92978,92978.html,download,63b5a6c556e9f69d0d573486abd66ab768da4a6a37a2db0421371e45d9402aa2,2026-08-27T12:21:42+00:00
93474,https://www.olympedia.org/results/93474,93474.html,download,9938739cc68c340783a37f71c30adcaf0e7d8ed05363b8c29715c478104a8e3f,2026-08-27T12:24:24+00:00
93838,https://www.olympedia.org/results/93838,93838.html,download,43be13e1fb74b7d8ba00064356935cc6c523e63382b119ff98eeaf21875db6b9,2026-08-27T12:24:38+00:00
94245,https://www.olympedia.org/results/94245,94245.html,download,495cff19d0ae1574d198269167606e9a75047eb145dc785df1533685f61459c7,2026-08-27T12:24:32+00:00
96118,https://www.olympedia.org/results/96118,96118.html,download,96c1ff412619cc476e21e2a8d97e7c740925ff648929fc78ac160d0024e3b7ac,2026-08-27T12:24:28+00:00
96653,https://www.olympedia.org/results/96653,96653.html,download,25aa7c7d5393cd27ee8321c9b5b5b2b6662b35f425b213b19207775765ac7d7b,2026-08-27T12:27:42+00:00
97028,https://www.olympedia.org/results/97028,97028.html,download,a2e36970ed68e401dea6838841fb97aca511b74b70216bb3c7eb25872f5b16ae,2026-08-27T12:27:56+00:00
97460,https://www.olympedia.org/results/97460,97460.html,download,5f63d5a8c485f0413c8ff484759bb976edd6af7b049902945394a4be005deb4f,2026-08-27T12:27:51+00:00
99414,https://www.olympedia.org/results/99414,99414.html,download,aa3d0df2af0f90511eaaecb06ab42110109b085463c1b990ea0c4e313203724c,2026-08-27T12:27:46+00:00
100009,https://www.olympedia.org/results/100009,100009.html,download,54b71d6f5010453bbe81362a0c216e575d783c775031027244ad3237d300f6d9,2026-08-27T12:31:05+00:00
100375,https://www.olympedia.org/results/100375,100375.html,download,7f6595d62a612c433d05830a634fcb9ed4087272d0dadbeb1b7ca100de3defd0,2026-08-27T12:31:18+00:00
100738,https://www.olympedia.org/results/100738,100738.html,download,aa599b841b4f14be360a13fe783a8e17b6681e62942f869b01f6360470ae3bdb,2026-08-27T12:31:13+00:00
102704,https://www.olympedia.org/results/102704,102704.html,download,1411ea5c7b73b4d7a49d24da3261d657ef2a3a599e604dabe09c2f3caab41d0f,2026-08-27T12:31:09+00:00
108488,https://www.olympedia.org/results/108488,108488.html,download,ac32e9cdc6e3df7cdf709839ab6f3217bcc165edf11082fcee77f25494389c7c,2026-08-27T12:34:28+00:00
108952,https://www.olympedia.org/results/108952,108952.html,download,9a0e842ef6a71d12a6e728f025e9af4b165c502f521820094431990e0bd21bce,2026-08-27T12:34:42+00:00
109473,https://www.olympedia.org/results/109473,109473.html,download,89c5421bf5f1606d02c3f55264fc072d4a17d200635210ce48417d5bf72233ab,2026-08-27T12:34:36+00:00
111376,https://www.olympedia.org/results/111376,111376.html,download,dd075b03528801f439f29f3e5dce1c6c79869be147d2d0569c238dc36f35c9ef,2026-08-27T12:34:31+00:00
123126,https://www.olympedia.org/results/123126,123126.html,download,5ba1741d3b88c7767126672b1e809bc02fd740a02e3d03da7bdb01cd73fdb600,2026-08-27T12:15:36+00:00
123159,https://www.olympedia.org/results/123159,123159.html,download,48f2e8221b3dc2e185d4a51c8a6439c0d260f9730ae12a6656ab77c2ed8e1d01,2026-08-27T12:15:27+00:00
123202,https://www.olympedia.org/results/123202,123202.html,download,1304e5707a491850953f151f868271582b9d8de571f41ce87a7b59ed60dd6cdf,2026-08-27T12:15:32+00:00
123255,https://www.olympedia.org/results/123255,123255.html,download,32562a0af80da71f93ff7bfa14699fdded39c10e56029a904cb293cdd6d63d9c,2026-08-27T12:15:50+00:00
123310,https://www.olympedia.org/results/123310,123310.html,download,572dec27cc0a0b951eb427dc852fc70d44829602343b8388f8dd0f96dd73e2b5,2026-08-27T12:15:59+00:00
123355,https://www.olympedia.org/results/123355,123355.html,download,a92eb8387f5a20bbdca20c88f408b23ecd67af9ef83182cba54c67b089f2b7d3,2026-08-27T12:15:54+00:00
123396,https://www.olympedia.org/results/123396,123396.html,download,9d224418e21eff1f740b93a94dbf9bba42e2baa9e01481f7d4a95ed004751e6c,2026-08-27T12:15:45+00:00
123428,https://www.olympedia.org/results/123428,123428.html,download,a8d5c48e4fb341c9ae740261def773f2d55b0d553aeb226fbf73a0ae2591165a,2026-08-27T12:15:40+00:00
123743,https://www.olympedia.org/results/123743,123743.html,download,34b4d0755c33b126cde7d7ba2d5c112a5455ef5d369cc65129e84aea517255cc,2026-08-27T12:17:29+00:00
123770,https://www.olympedia.org/results/123770,123770.html,download,5db0ea48300f0697dbed06df6b6c350d7921782976dd92e0f586fcc72e38d590,2026-08-27T12:17:11+00:00
123800,https://www.olympedia.org/results/123800,123800.html,download,c1320bd6924b2b3a8a3874f424ffed3c71377645b437d5dd956c4fc7aa982e47,2026-08-27T12:17:19+00:00
123832,https://www.olympedia.org/results/123832,123832.html,download,5a9ef41710d25683e1aa0e1536a0f317819b790c13cf6b5cc69a9aa6ff80fd61,2026-08-27T12:17:56+00:00
123872,https://www.olympedia.org/results/123872,123872.html,download,62a84a4bb5c6204eb8216436eb74c600e99fbda670bc3c7c8b8372f2cea435e7,2026-08-27T12:18:14+00:00
123901,https://www.olympedia.org/results/123901,123901.html,download,ac537c9689a7571f615cf3a4703d2ba3d66c0161415a8e7f2ebc3c974ad40432,2026-08-27T12:18:05+00:00
123936,https://www.olympedia.org/results/123936,123936.html,download,e1fb0c755354918b27aa481e7c758ee5f1285a14fdb213f397e2c62d28381864,2026-08-27T12:17:47+00:00
123968,https://www.olympedia.org/results/123968,123968.html,download,4ccfb367450234e59d539b7e638771636e0e865aea36c3496bf936382ec7180b,2026-08-27T12:17:38+00:00
123997,https://www.olympedia.org/results/123997,123997.html,download,8e76c7faf358fb70a5fb6ebf7281e5d88a1dd7454f3d77072995abb50172fa85,2026-08-27T12:17:33+00:00
124022,https://www.olympedia.org/results/124022,124022.html,download,4e5aa5360d5ad42b5b7a7d9f3b59ab476006b972f2ab689e20ff03c55bb36b9f,2026-08-27T12:17:15+00:00
124052,https://www.olympedia.org/results/124052,124052.html,download,fbf7e960161a804537b2d1b85a4f7fcc68cbc27815b4ba4fe236b3e0f800be9c,2026-08-27T12:17:24+00:00
124077,https://www.olympedia.org/results/124077,124077.html,download,0a9c0ede27d8b47e82bf2728b5015195c3de497da35f7b247478c0e12cd30268,2026-08-27T12:18:00+00:00
124110,https://www.olympedia.org/results/124110,124110.html,download,0212a132e56d4e54bd07d52a9f65b5ac03979f37018a886c1e3f48939cc23c70,2026-08-27T12:18:18+00:00
124138,https://www.olympedia.org/results/124138,124138.html,download,b5b66fceeb7b17e7c365c53832651d522b9241cfb38f30a540dfdc36e754fd29,2026-08-27T12:18:09+00:00
124160,https://www.olympedia.org/results/124160,124160.html,download,c030ce4a84845bd3999b3b2dbe3db9b76e9efa6aad58e9cbd711c4bbdd6815e0,2026-08-27T12:17:51+00:00
124182,https://www.olympedia.org/results/124182,124182.html,download,acc88656c037dc43cacca7e3c830b56935df4c143b46f72ff7c59044eeb73e0a,2026-08-27T12:17:42+00:00
124208,https://www.olympedia.org/results/124208,124208.html,download,2d642d5fb089f4c1788d747aba7147d52176a9f13d3d959048461b774e6c2b5a,2026-08-27T12:19:53+00:00
124250,https://www.olympedia.org/results/124250,124250.html,download,d297bad0b37a46cb5ddd8577dfdb16b671d1e766de4a93624ebb8da970833039,2026-08-27T12:19:35+00:00
124294,https://www.olympedia.org/results/124294,124294.html,download,a3b7f603f43e07f87f4cbb991fe508e4422ee7b8627d43628e0c1f0fe8305d36,2026-08-27T12:19:44+00:00
124345,https://www.olympedia.org/results/124345,124345.html,download,81d88c19710ea535edf56a975997eb3bd9d929636517be359f12cb55ad21c5d0,2026-08-27T12:20:20+00:00
124397,https://www.olympedia.org/results/124397,124397.html,download,97be5596b9aca4340e646ba49bcf303f5038fe5b3e54822949007a80c4d7e11b,2026-08-27T12:20:38+00:00
124446,https://www.olympedia.org/results/124446,124446.html,download,586041fa65332c6961b0c86d85c5bf6fbc5f685b6a14edefa29a0181d0f75ce2,2026-08-27T12:20:29+00:00
124486,https://www.olympedia.org/results/124486,124486.html,download,cba50c769b1ca227c47eb3845be61f2935af94f4c16d03074b00ea4558ac1710,2026-08-27T12:20:11+00:00
124528,https://www.olympedia.org/results/124528,124528.html,download,9a2a6d7572a24eca0fd825cdd876bdec5403d0f343528de21c59d53b7f30f4d3,2026-08-27T12:20:02+00:00
124567,https://www.olympedia.org/results/124567,124567.html,download,ea1ea71f5f46915ba59f40c6b9e424b4ea198e29604900f6de1fb198ae7aec21,2026-08-27T12:19:57+00:00
124606,https://www.olympedia.org/results/124606,124606.html,download,e60dacb8f63415a8058de694da398701bb67c367021051b2c79850ffed0c887f,2026-08-27T12:19:39+00:00
124658,https://www.olympedia.org/results/124658,124658.html,download,5fba9d6bae021be1ce0031613d1305ac7a6a940af5996910ee64ef6cbb0f9761,2026-08-27T12:19:48+00:00
124713,https://www.olympedia.org/results/124713,124713.html,download,e91f56b57015f98a4e20ea1ab3f309d66561aac535f903b3ba4a8df1ef1d4f13,2026-08-27T12:20:24+00:00
124763,https://www.olympedia.org/results/124763,124763.html,download,0a4305dbb8465ff2403983d2699217b6a7c2401aa151383af9537f0010977686,2026-08-27T12:20:42+00:00
124824,https://www.olympedia.org/results/124824,124824.html,download,4877f46947d1daf04d4810075afc59eded629d380d25cdb4e4f835dd21123ccc,2026-08-27T12:20:33+00:00
124873,https://www.olympedia.org/results/124873,124873.html,download,ff67b0bbc94bafc51ea0020105e23f068039dbe5c65356ad2b09483a112a7486,2026-08-27T12:20:15+00:00
124913,https://www.olympedia.org/results/124913,124913.html,download,1d52aeb281f188da951d798dcd2787cfb3ce603cf8d42fb187dd8f67bdc302ae,2026-08-27T12:20:06+00:00
124937,https://www.olympedia.org/results/124937,124937.html,download,1c1ec7d7d3cfd6c190dc705c6c14349ba540d9b9848a2f60f968ca8c79db38eb,2026-08-27T12:22:35+00:00
124983,https://www.olympedia.org/results/124983,124983.html,download,103dc1b96e790cf283014ea6d886b557417ed5b7cad61ec181e02641819304ba,2026-08-27T12:22:17+00:00
125026,https://www.olympedia.org/results/125026,125026.html,download,cbb597882c784b73fbc8b717a7bc716c2fd2e0745d69f8f050277a8bd2257f2a,2026-08-27T12:22:26+00:00
125071,https://www.olympedia.org/results/125071,125071.html,download,66091db73f8f8619b061ed423ba50ac95fb2f6f1b81b00bd2e2ba8a664b0eb5f,2026-08-27T12:23:02+00:00
125116,https://www.olympedia.org/results/125116,125116.html,download,e4a6e1e7578bf3b8566a1bffe22faf69e56dc9a76dcdcc8be1c7df0b32e74d09,2026-08-27T12:23:20+00:00
125161,https://www.olympedia.org/results/125161,125161.html,download,78d181e26d9729c0dad91af5edbcddfde84129d6d3e9b3fe9ce404d8667f45a6,2026-08-27T12:23:11+00:00
125196,https://www.olympedia.org/results/125196,125196.html,download,b86907ee24b12374acbbec246ea11f900e1d8121826315b1c79fca89f02104fb,2026-08-27T12:22:53+00:00
125234,https://www.olympedia.org/results/125234,125234.html,download,e5c1d298b420d6c04e64cd7fb13129d68515692fcecdf48b87046e6f469fbc80,2026-08-27T12:22:44+00:00
125266,https://www.olympedia.org/results/125266,125266.html,download,f6744b074f596389fb446818d5a86df17231e8be2bebd3698deb7a192d658e37,2026-08-27T12:22:39+00:00
125303,https://www.olympedia.org/results/125303,125303.html,download,a0ba31add3e862c22b0e689bc8023fcd894895a8b4f9b52f1528779eb140e2e1,2026-08-27T12:22:21+00:00
125340,https://www.olympedia.org/results/125340,125340.html,download,205944ecb3309d7b0e043755bb732dbc8463d3e1e1fa7e50461751b5d32e3dd0,2026-08-27T12:22:30+00:00
125396,https://www.olympedia.org/results/125396,125396.html,download,726be9d74a2f30276030591792ca806296adc11960b41ca01c6fbae9c64c3aa9,2026-08-27T12:23:06+00:00
125440,https://www.olympedia.org/results/125440,125440.html,download,fb6e53b95f35f24ac70774bb75ed9ba3c166c753a97d50d278f5932326c99a16,2026-08-27T12:23:24+00:00
125485,https://www.olympedia.org/results/125485,125485.html,download,9d2d9a705f5753d1250700c0b2b5f8dc1e0a4184afd48277f0912b8f5802a8f5,2026-08-27T12:23:15+00:00
125527,https://www.olympedia.org/results/125527,125527.html,download,4b66879ffa00cac4b5fefc33191bd36525b309f7ba83591d1d6223127652dc72,2026-08-27T12:22:57+00:00
125565,https://www.olympedia.org/results/125565,125565.html,download,ecf52bb923385eb9887cb1adf7b224b26562b1f1deb5f6bd1f295811e864c58e,2026-08-27T12:22:48+00:00
125593,https://www.olympedia.org/results/125593,125593.html,download,9bb2c6c9279da604b7cdde236cf91706587737c097f8eca67ae754e11310b288,2026-08-27T12:25:53+00:00
125649,https://www.olympedia.org/results/125649,125649.html,download,be6d16c0beed0321257006d73c9b820f12ee114d100bb6d8190cac45897e71d8,2026-08-27T12:25:35+00:00
125700,https://www.olympedia.org/results/125700,125700.html,download,05e35643fc088f6a88d3b74c769710ed8c75d68d6afca6dd1858fd4ecd7c6d5a,2026-08-27T12:25:44+00:00
125753,https://www.olympedia.org/results/125753,125753.html,download,1e6cb70d9430ffe0c8619d7889ad62f8ef2fd147e5abe24e0538939e68d3bab2,2026-08-27T12:26:20+00:00
125807,https://www.olympedia.org/results/125807,125807.html,download,1455b6ce61fc5a7535d81977081c18b1c98178022717ef9c392d8322d611690e,2026-08-27T12:26:38+00:00
125850,https://www.olympedia.org/results/125850,125850.html,download,5852225c75786a5da4e189d11e6b87116cdc177f5c9a7397418c5cff65f714da,2026-08-27T12:26:29+00:00
125900,https://www.olympedia.org/results/125900,125900.html,download,90936d48bf54100bd26cdd9be61124da654821ba3c6ffc81652bca989f7d4d90,2026-08-27T12:26:11+00:00
125943,https://www.olympedia.org/results/125943,125943.html,download,1a8749acec8b017a8d14e0515e894fda312981619920e1b55f3193eab4174e3d,2026-08-27T12:26:02+00:00
125976,https://www.olympedia.org/results/125976,125976.html,download,28281a9c1254d3afbbf97a27bde0c7aa884733284c6b41e850f1d75d34db5676,2026-08-27T12:25:57+00:00
126025,https://www.olympedia.org/results/126025,126025.html,download,83de7de2414b08cf63df762a3b07be60fd71f7e0314e6ef575869dc22d79b4ba,2026-08-27T12:25:39+00:00
126080,https://www.olympedia.org/results/126080,126080.html,download,83d2e4f88b3c5702bdf6841d86e029d5eb7fd85ad1b9ad8a26d6d6e02fdf2c48,2026-08-27T12:25:48+00:00
126127,https://www.olympedia.org/results/126127,126127.html,download,55914fd6bda7428e0011a07af0eb53bcb305bb617bd66eb3676056deb1ef597b,2026-08-27T12:26:25+00:00
126187,https://www.olympedia.org/results/126187,126187.html,download,e1123a7a380df7ef4bb2cb18e48dac33d0a9905995654fb4d97ef4cab8e2166e,2026-08-27T12:26:42+00:00
126229,https://www.olympedia.org/results/126229,126229.html,download,3f73ea2839575b9e64b9875c3bac40b41b27bcf7afc3e9ad59ff8d7c6c5e99fb,2026-08-27T12:26:33+00:00
126272,https://www.olympedia.org/results/126272,126272.html,download,e3536c628af933d5ede98a6275d2749381ff535e70aef0e6125331a39eef7cd4,2026-08-27T12:26:15+00:00
126308,https://www.olympedia.org/results/126308,126308.html,download,cd78b6dd69636856e8185fc90dd9b3f94240cdbd28996a6f0d48cdb172702c08,2026-08-27T12:26:06+00:00
126345,https://www.olympedia.org/results/126345,126345.html,download,bdf74c91b97b1586820f3ab8627a46392629bdb1b3852f9d12a43af162a41b3f,2026-08-27T12:29:11+00:00
126377,https://www.olympedia.org/results/126377,126377.html,download,680759eeddff13cea6cd3d9a8cba46119dc5ee4a7a616a455266b2012552a320,2026-08-27T12:28:57+00:00
126431,https://www.olympedia.org/results/126431,126431.html,download,ebc9de51939c45b09e95354fe5b0d514d6d04b9b10a6451d01e16acaf1c4f5e9,2026-08-27T12:28:39+00:00
126494,https://www.olympedia.org/results/126494,126494.html,download,d04510f85c44455447ae8c369c2911ba03f8c3731e038f5c29e02c81a9cbc4a3,2026-08-27T12:28:48+00:00
126551,https://www.olympedia.org/results/126551,126551.html,download,5341dde62d105d32ff210db825e52328dc496c8bb006453beccc740022dbb6a2,2026-08-27T12:29:29+00:00
126604,https://www.olympedia.org/results/126604,126604.html,download,1726aef8b263637668c354bc1c753fe9edce3bf31fe70dc25043e649e369419e,2026-08-27T12:29:56+00:00
126660,https://www.olympedia.org/results/126660,126660.html,download,950b8f33a4e3d464648e8f229f9d403f427d665ed8c1105c3fd28bf916d7d557,2026-08-27T12:29:38+00:00
126710,https://www.olympedia.org/results/126710,126710.html,download,d5f4f36ae5968157532aee9d0d51098894b6703b543cd18c6ca37a8b0aa5600b,2026-08-27T12:29:20+00:00
126759,https://www.olympedia.org/results/126759,126759.html,download,6ce0952e6e4edadb3bbc3495c1474971f1e4e26a6402d6026c185f30706b4501,2026-08-27T12:29:02+00:00
126798,https://www.olympedia.org/results/126798,126798.html,download,f14194e63deec7bf6a97bca70f76a154f1ccb7b98550c487aad651992ca7f03b,2026-08-27T12:29:47+00:00
126830,https://www.olympedia.org/results/126830,126830.html,download,ca9d059d7a5c3442ff9271500f8fa6db63e100f8ee7638e5ba37c6be6339a24b,2026-08-27T12:29:15+00:00
126916,https://www.olympedia.org/results/126916,126916.html,download,54878e944f85693f6cd07fb0502828de9840e7a36d082555218325bc113b2a2f,2026-08-27T12:28:44+00:00
126977,https://www.olympedia.org/results/126977,126977.html,download,cdca93913ef5464b466db0a307aacf8809293f87eb98a89185dcecb78ded2ce3,2026-08-27T12:28:53+00:00
127021,https://www.olympedia.org/results/127021,127021.html,download,924260eafc4cfe797dd4bb535c53c017c27e95e08349da72025c3d07e7c96ef8,2026-08-27T12:29:33+00:00
127069,https://www.olympedia.org/results/127069,127069.html,download,09af49bf2a185cc12f8d0f83c0310f7f6657e3ef50af8095f860694be5b0eadd,2026-08-27T12:30:00+00:00
127112,https://www.olympedia.org/results/127112,127112.html,download,07bfbeb68774fa70e6e7814b4b61e7ca34eecb7a8530a5f9e18e7dee8c59fef6,2026-08-27T12:29:42+00:00
127155,https://www.olympedia.org/results/127155,127155.html,download,3bfa44ec7d1a15d2dbfab55e8b56d2004ca4c03b701de6bced3f300731ea40ef,2026-08-27T12:29:24+00:00
127190,https://www.olympedia.org/results/127190,127190.html,download,ae7fe525362453c921fda74acfc519e7ced020d527c8589b3d159429a8172fe6,2026-08-27T12:29:06+00:00
127221,https://www.olympedia.org/results/127221,127221.html,download,cfc3a242ac2a346a9e26c1cd8b7152c59ce77f1e76c24dd665223899ca19c792,2026-08-27T12:29:51+00:00
127248,https://www.olympedia.org/results/127248,127248.html,download,a0598463cc5406d5c77f8dc28a4b4fe7c78e2fcbf423d300dc866c806a050679,2026-08-27T12:32:29+00:00
127289,https://www.olympedia.org/results/127289,127289.html,download,43e3f9ec60d7553eff680fbf07e3989d6845c6355d07a171bd855896aece20d4,2026-08-27T12:32:11+00:00
127331,https://www.olympedia.org/results/127331,127331.html,download,d230035b77a38f5577543e39ecb563d9bcb841f8fc12d639a47d24db08273316,2026-08-27T12:31:53+00:00
127382,https://www.olympedia.org/results/127382,127382.html,download,5cf1e9ac0d889ef5e93ccc53fe6229ec3bb871a93339a779b4d1464a72264a96,2026-08-27T12:32:02+00:00
127425,https://www.olympedia.org/results/127425,127425.html,download,ff2d8d224ce77036251c53333fb19410ab2eb9c7ea0d0e4b2cad4a2829e51e03,2026-08-27T12:32:47+00:00
127478,https://www.olympedia.org/results/127478,127478.html,download,4dd14410430746a4510c5fc55ab5400fdf33e38f505e96edf99676229c3e3fed,2026-08-27T12:33:14+00:00
127524,https://www.olympedia.org/results/127524,127524.html,download,4a7c25e1a68705b0faa347bb8e9495da89374fba0fdb5ee3840f121057411a0c,2026-08-27T12:32:56+00:00
127565,https://www.olympedia.org/results/127565,127565.html,download,c3397c3f47cfb940a4e3a0e07bc1e40aead613cdee7255fbd8f6ed2e26a329eb,2026-08-27T12:32:38+00:00
127614,https://www.olympedia.org/results/127614,127614.html,download,f247d0d07a73bb6417adfcf368841ae5e577d816675383c8f114b9926fea0c53,2026-08-27T12:32:20+00:00
127646,https://www.olympedia.org/results/127646,127646.html,download,504ddcf882fbfef645a0c2cdc7d44f4109008d710fdef410f8120f02cc17c067,2026-08-27T12:33:05+00:00
127684,https://www.olympedia.org/results/127684,127684.html,download,01b1f05579908fae8c657142aefd605201e1199c9faa1c529219c84a2ab7b1af,2026-08-27T12:32:33+00:00
127720,https://www.olympedia.org/results/127720,127720.html,download,0b14c4742621ea0904ad7d7c043c300bdf6e165d8a115a3c578a392abe642bdf,2026-08-27T12:32:15+00:00
127755,https://www.olympedia.org/results/127755,127755.html,download,efd08ac35fb039b2067f167054670ee870c478176cbb8202f2f612da34512d41,2026-08-27T12:31:57+00:00
127799,https://www.olympedia.org/results/127799,127799.html,download,e64f0b5617f691b188a4ba8c29d8b923f3e6cd024eb0c20aba86932985666f15,2026-08-27T12:32:06+00:00
127843,https://www.olympedia.org/results/127843,127843.html,download,bee3171eba6a4aca5b7461a25f993f1f72621075d86c2369e41164485ab618b6,2026-08-27T12:32:52+00:00
127889,https://www.olympedia.org/results/127889,127889.html,download,6942c5841d05d760ad6ac9f024d1d82875fa86f8b8dfca4e4a3e10274d80e64d,2026-08-27T12:33:19+00:00
127929,https://www.olympedia.org/results/127929,127929.html,download,5fdb40e6cb41bfc0445597b87a6eb5720bb211fa4efeaf12e92a5c75548541e2,2026-08-27T12:33:00+00:00
127969,https://www.olympedia.org/results/127969,127969.html,download,91f5d2a4185458f36f09daa110d18ca725846441e3e244c7f5e3430cc67b3512,2026-08-27T12:32:42+00:00
128000,https://www.olympedia.org/results/128000,128000.html,download,426c5074ac2e26ca345ea3585a03025d72e740eee812485dd4be727d372f0947,2026-08-27T12:32:24+00:00
128030,https://www.olympedia.org/results/128030,128030.html,download,3e074ac4b4a44652d714bea12a0ca6b3d18efef1066c005bd540503058a5d9be,2026-08-27T12:33:09+00:00
129571,https://www.olympedia.org/results/129571,129571.html,download,2eb90358cdf0db54e09f09df4e572c22131f7e90c7571fbc7c49599673ac8153,2026-08-27T12:36:50+00:00
129626,https://www.olympedia.org/results/129626,129626.html,download,d72474aa071f28ccbc69d5970cd7f124b03670bd8f516e26e1f98cd1e54d49ca,2026-08-27T12:36:32+00:00
129703,https://www.olympedia.org/results/129703,129703.html,download,ce4489a335511acd661b050a11c515f0c19b8ebee84027b738a50b380f988f95,2026-08-27T12:36:14+00:00
129773,https://www.olympedia.org/results/129773,129773.html,download,6f40a6e1ab14819e061f30a9aa41c9da07288d1706f915ecfe0ad5f0f7ba70b8,2026-08-27T12:36:23+00:00
129845,https://www.olympedia.org/results/129845,129845.html,download,e990cf34442994bee6055f5e238d46b6f444f604fe8d117823ddfb71766f08b6,2026-08-27T12:37:08+00:00
129931,https://www.olympedia.org/results/129931,129931.html,download,e044368d9071088d65999368a752d3c922361810e31f3add30fde7b36b3b07d0,2026-08-27T12:37:35+00:00
130015,https://www.olympedia.org/results/130015,130015.html,download,96e1e664ebe4e480dec7df8653d2d52b4f8c9806de9fcf9bc2dc073cbc6e02e4,2026-08-27T12:37:17+00:00
130094,https://www.olympedia.org/results/130094,130094.html,download,56986974be30ed4a24a2c231b1af683188fac0afdc819a08abff119444085e64,2026-08-27T12:36:59+00:00
130167,https://www.olympedia.org/results/130167,130167.html,download,0bf4673f752cf0219207637f29aba9990fd1abc1c85c1dd26a5beae1edf95453,2026-08-27T12:36:41+00:00
130229,https://www.olympedia.org/results/130229,130229.html,download,3e0a51d812ecd2015cd3a3d52baaa8e2f78b56ba3a59fd2e398c72d485cda64b,2026-08-27T12:37:26+00:00
130271,https://www.olympedia.org/results/130271,130271.html,download,9022bb54a222b8e327e591137e1ba5c1e503da8628a0bdf1512a6142907ecd6f,2026-08-27T12:36:54+00:00
130312,https://www.olympedia.org/results/130312,130312.html,download,3075b2037d5d07e22e22fc138db40c61ce9a4daa8512c0331ed213925ca06185,2026-08-27T12:36:37+00:00
130374,https://www.olympedia.org/results/130374,130374.html,download,0fa156beac36a0f2d3fdc119534936824d7b02c0180f1deff0a21bf8059cdd73,2026-08-27T12:36:19+00:00
130430,https://www.olympedia.org/results/130430,130430.html,download,b611659867e2f75fc73e511d6507e6cff909bf39a1d7c99e3fc4b6ec11d3b413,2026-08-27T12:36:27+00:00
130475,https://www.olympedia.org/results/130475,130475.html,download,5c109ffaf931a0c5953cb89bd5b87fa6f54d41bb58bc71d653ab31c89995799d,2026-08-27T12:37:13+00:00
130552,https://www.olympedia.org/results/130552,130552.html,download,d231e2f526e55b29a32b5b203900365aced4c06e7c6b6d7ae18b1e352342e1e6,2026-08-27T12:37:39+00:00
130607,https://www.olympedia.org/results/130607,130607.html,download,cc5f494b7856c0fcc594dffd6d2c41d18f4a1c0ea6d8744c718d51f5156d6e6c,2026-08-27T12:37:22+00:00
130667,https://www.olympedia.org/results/130667,130667.html,download,8bc42074a417624f97a5a3cd6ebc88d0dcc83b2799460a7ff7aac886084278d2,2026-08-27T12:37:04+00:00
130729,https://www.olympedia.org/results/130729,130729.html,download,2a0e3a9e2cf7f325901fabb3c0bba71fb27f55097e96d5e76c9dcc4ca978ec72,2026-08-27T12:36:46+00:00
130789,https://www.olympedia.org/results/130789,130789.html,download,078ed6f3f9a505d5b4d965319ed561874a99564d4991d6a33c2a12d03c076bfb,2026-08-27T12:37:30+00:00
900151,https://www.olympedia.org/results/900151,900151.html,download,3cdaf6d526698c61e1d507abba965c50a6f8db0b554c496071f22e84cb0c063c,2026-08-27T12:25:03+00:00
900189,https://www.olympedia.org/results/900189,900189.html,download,a7fece2e6a22574cb89cfec8cbe2aa1beda107761a1b8e26ae3ef9d3664b48e5,2026-08-27T12:24:41+00:00
900209,https://www.olympedia.org/results/900209,900209.html,download,1492e74eb93f5275d5dac864563d03f1521eeaf1e571338f76f35902a0d7eaed,2026-08-27T12:25:12+00:00
900237,https://www.olympedia.org/results/900237,900237.html,download,767f0e75deb9cf688c3418107bd585c276f208e3c5d419b3fe19d39a2af92e09,2026-08-27T12:24:50+00:00
900254,https://www.olympedia.org/results/900254,900254.html,download,a92367873668d1a59a6c153cb327822116f4db1b9ee0e61ea27d87b37f30281c,2026-08-27T12:25:08+00:00
900273,https://www.olympedia.org/results/900273,900273.html,download,a6a9f4710c5682870fa04e4b9671c95aa15758d572cca582d227f75e953a652b,2026-08-27T12:24:46+00:00
900283,https://www.olympedia.org/results/900283,900283.html,download,133af023ed4af70fef0cdc2be4e1af60e486f20d8ccdaf2751f349a0a5e7519f,2026-08-27T12:25:17+00:00
900297,https://www.olympedia.org/results/900297,900297.html,download,d42b06ad4e117072ec20538f21b72a129ca6c650eb3a0e523b217dd79f1cc7b7,2026-08-27T12:24:59+00:00
900305,https://www.olympedia.org/results/900305,900305.html,download,a910f3175dc68103adfc2da9e053f7dd8d16ace7847e8f1f50433293061a4372,2026-08-27T12:24:54+00:00
