candidate_id,olympedia_result_id,edition,edition_id,year,city,sport,event,gender,encounter_type,usa_local_entries,ussr_local_entries,usa_local_participants,ussr_local_participants,source_url
result-31969,31969,1952 Summer Olympics,13,1952,Helsinki,Basketball,"Basketball, Men",Men,team,14,14,Bill Hougland | Bill Lienhard | Bob Kenney | Bob Kurland | Charlie Hoag | Clyde Lovellette | Dan Pippin | Dean Kelley | Frank McCabe | Howie Williams | John Keller | Marc Freiberger | Ron Bontemps | Wayne Glasgow,Aleksandr Moiseyev | Anatoly Konev | Heino Kruus | Ilmar Kullam | Joann Lõssov | Justinas Lagunavičius | Kazys Petkevičius | Maigonis Valdmanis | Nodar Jorjik'ia | Otar Korkia | Stasys Stonkus | Stepas Butautas | Viktor Vlasov | Yury Ozerov,https://www.olympedia.org/results/31969
result-22501,22501,1952 Summer Olympics,13,1952,Helsinki,Boxing,"Bantamweight, Men",Men,individual,1,2,Davey Moore,Boris Stepanov | Gennady Garbuzov,https://www.olympedia.org/results/22501
result-22529,22529,1952 Summer Olympics,13,1952,Helsinki,Boxing,"Featherweight, Men",Men,individual,2,1,Bobby Bickle | Edson Brown,Yury Sokolov,https://www.olympedia.org/results/22529
result-22468,22468,1952 Summer Olympics,13,1952,Helsinki,Boxing,"Flyweight, Men",Men,individual,1,1,Nate Brooks,Anatoly Bulakov,https://www.olympedia.org/results/22468
result-22742,22742,1952 Summer Olympics,13,1952,Helsinki,Boxing,"Heavyweight, Men",Men,individual,2,1,Ed Sanders | Norvel Lee,Algirdas Šocikas,https://www.olympedia.org/results/22742
result-22719,22719,1952 Summer Olympics,13,1952,Helsinki,Boxing,"Light-Heavyweight, Men",Men,individual,2,2,Chuck Spieser | Norvel Lee,Anatoly Perov | Yury Yegorov,https://www.olympedia.org/results/22719
result-22663,22663,1952 Summer Olympics,13,1952,Helsinki,Boxing,"Light-Middleweight, Men",Men,individual,2,2,Spider Webb | Tony Anthony,Boris Tishin | Gleb Tolstikov,https://www.olympedia.org/results/22663
result-22596,22596,1952 Summer Olympics,13,1952,Helsinki,Boxing,"Light-Welterweight, Men",Men,individual,2,2,Chuck Adkins | Joe Reynolds,German Lobodin | Viktor Mednov,https://www.olympedia.org/results/22596
result-22564,22564,1952 Summer Olympics,13,1952,Helsinki,Boxing,"Lightweight, Men",Men,individual,2,1,Archie Slaten | Bobby Bickle,Aleksandr Zasukhin,https://www.olympedia.org/results/22564
result-22691,22691,1952 Summer Olympics,13,1952,Helsinki,Boxing,"Middleweight, Men",Men,individual,1,1,Floyd Patterson,Boris Silchev,https://www.olympedia.org/results/22691
result-22629,22629,1952 Summer Olympics,13,1952,Helsinki,Boxing,"Welterweight, Men",Men,individual,1,1,Lou Gage,Sergey Shcherbakov,https://www.olympedia.org/results/22629
result-86512,86512,1952 Summer Olympics,13,1952,Helsinki,Fencing,"Foil, Individual, Men",Men,individual,4,4,Albie Axelrod | Daniel Bukantz | Nate Lubell | Silvio Giolito,German Bokun | Konstantin Tumanov | Mark Midler | Yulen Uralov,https://www.olympedia.org/results/86512
result-86731,86731,1952 Summer Olympics,13,1952,Helsinki,Fencing,"Foil, Individual, Women",Women,individual,3,3,Jan York | Maxine Mitchell | Polly Craus,Anna Ponomaryova | Appolinariya Plekhanova | Nadezhda Shitikova,https://www.olympedia.org/results/86731
result-86553,86553,1952 Summer Olympics,13,1952,Helsinki,Fencing,"Sabre, Individual, Men",Men,individual,4,4,Allan Kwartler | George Worth | Joe de Capriles | Tibor Nyilas,Boris Belyakov | Ivan Manayenko | Lev Kuznetsov | Vladimir Vyshpolsky,https://www.olympedia.org/results/86553
result-86533,86533,1952 Summer Olympics,13,1952,Helsinki,Fencing,"Épée, Individual, Men",Men,individual,4,4,"Alfred Skrobisch | Ed Vebell | James Strauch | Paul Makler, Sr.",Juozas Udras | Lev Saychuk | Sergejs Habārovs | Yury Deksbakh,https://www.olympedia.org/results/86533
result-33688,33688,1952 Summer Olympics,13,1952,Helsinki,Football,"Football, Men",Men,team,15,20,Andy Keir | Bill Conterio | Bill Sheppell | Butch Cook | Charlie Colombo | Edward McHugh | Harry Keough | Jack Dunn | John Souza | Larry Surock | Lloyd Monsen | Marty Krumm | Robert Burkard | Ruben Mendoza | Willy Schaller,Agustín Pagola Gómez | Aleksandr Petrov | Aleksandr Tenyagin | Anatoly Bashashkin | Anatoly Ilyin | Avtandil Ch'k'uaseli | Avtandil Gogoberidze | Fridrikh Maryutin | Giorgi Antadze | Igor Netto | Konstantin Beskov | Konstantin Kryzhevsky | Leonid Ivanov | Sergey Salnikov | Valentin Nikolayev | Vasily Trofimov | Vladimir Margania | Vladimir Nikanorov | Vsevolod Bobrov | Yury Nyrkov,https://www.olympedia.org/results/33688
result-38237,38237,1952 Summer Olympics,13,1952,Helsinki,Water Polo,"Water Polo, Men",Men,team,10,10,Bill Dornblaser | Bill Kooistra | Bob Hughes | Edward Jaworski | Harry Bisbey | Jack Spargo | Jim Norris | Marvin Burns | Norman Lake | Pete Stange,Aleksandr Liferenko | Anatoly Yegorov | Boris Goykhman | Lev Kokorin | P'et're Mshvenieradze | Valentin Prokopov | Vitaly Ushakov | Yevgeny Semyonov | Yury Shlyapin | Yury Teplov,https://www.olympedia.org/results/38237
result-123159,123159,1952 Summer Olympics,13,1952,Helsinki,Wrestling,"Bantamweight, Freestyle, Men",Men,individual,1,1,Bill Borders,Rəşid Məmmədbəyov,https://www.olympedia.org/results/123159
result-123202,123202,1952 Summer Olympics,13,1952,Helsinki,Wrestling,"Featherweight, Freestyle, Men",Men,individual,1,1,Joe Henson,Ibrahim Dadashev,https://www.olympedia.org/results/123202
result-123126,123126,1952 Summer Olympics,13,1952,Helsinki,Wrestling,"Flyweight, Freestyle, Men",Men,individual,1,1,Hugh Peery,Georgy Sayadov,https://www.olympedia.org/results/123126
result-123428,123428,1952 Summer Olympics,13,1952,Helsinki,Wrestling,"Heavyweight, Freestyle, Men",Men,individual,1,1,Bill Kerslake,Arsen Mek'ok'ishvili,https://www.olympedia.org/results/123428
result-123396,123396,1952 Summer Olympics,13,1952,Helsinki,Wrestling,"Light-Heavyweight, Freestyle, Men",Men,individual,1,1,Henry Wittenberg,August Englas,https://www.olympedia.org/results/123396
result-123255,123255,1952 Summer Olympics,13,1952,Helsinki,Wrestling,"Lightweight, Freestyle, Men",Men,individual,1,1,Tommy Evans,Armenak Yaltyryan,https://www.olympedia.org/results/123255
result-123355,123355,1952 Summer Olympics,13,1952,Helsinki,Wrestling,"Middleweight, Freestyle, Men",Men,individual,1,1,Dan Hodge,Davit Tsimak'uridze,https://www.olympedia.org/results/123355
result-123310,123310,1952 Summer Olympics,13,1952,Helsinki,Wrestling,"Welterweight, Freestyle, Men",Men,individual,1,1,Bill Smith,Vasily Rybalko,https://www.olympedia.org/results/123310
result-32044,32044,1956 Summer Olympics,14,1956,Melbourne,Basketball,"Basketball, Men",Men,team,12,12,Bill Hougland | Bill Russell | Billy Evans | Bob Jeangerard | Burdie Haldorson | Carl Cain | Chuck Darling | Dick Boushka | Gib Ford | Jim Walsh | K. C. Jones | Ron Tomsic,Algirdas Lauritėnas | Arkady Bochkaryov | Jānis Krūmiņš | Kazys Petkevičius | Maigonis Valdmanis | Mikhail Semyonov | Mikhail Studenetsky | Stasys Stonkus | Valdis Muižnieks | Viktor Zubkov | Vladimir Torban | Yury Ozerov,https://www.olympedia.org/results/32044
result-22769,22769,1956 Summer Olympics,14,1956,Melbourne,Boxing,"Flyweight, Men",Men,individual,1,1,Ray Perez,Vladimir Stolnikov,https://www.olympedia.org/results/22769
result-22960,22960,1956 Summer Olympics,14,1956,Melbourne,Boxing,"Heavyweight, Men",Men,individual,1,1,Pete Rademacher,Lev Mukhin,https://www.olympedia.org/results/22960
result-22945,22945,1956 Summer Olympics,14,1956,Melbourne,Boxing,"Light-Heavyweight, Men",Men,individual,1,1,Jim Boyd,Romualdas Murauskas,https://www.olympedia.org/results/22945
result-22909,22909,1956 Summer Olympics,14,1956,Melbourne,Boxing,"Light-Middleweight, Men",Men,individual,1,1,José Torres,Richard Karpov,https://www.olympedia.org/results/22909
result-22862,22862,1956 Summer Olympics,14,1956,Melbourne,Boxing,"Light-Welterweight, Men",Men,individual,1,1,Joe Shaw,Vladimir Engibaryan,https://www.olympedia.org/results/22862
result-22839,22839,1956 Summer Olympics,14,1956,Melbourne,Boxing,"Lightweight, Men",Men,individual,1,1,Louis Molina,Anatoly Lagetko,https://www.olympedia.org/results/22839
result-22927,22927,1956 Summer Olympics,14,1956,Melbourne,Boxing,"Middleweight, Men",Men,individual,1,1,Roger Rouse,Gennady Shatkov,https://www.olympedia.org/results/22927
result-22889,22889,1956 Summer Olympics,14,1956,Melbourne,Boxing,"Welterweight, Men",Men,individual,1,1,Pearce Lane,Eduard Borisov,https://www.olympedia.org/results/22889
result-86748,86748,1956 Summer Olympics,14,1956,Melbourne,Fencing,"Foil, Individual, Men",Men,individual,4,6,Albie Axelrod | Byron Krieger | Daniel Bukantz | Hal Goldsmith,Aleksandr Ovsyankin | Iuri Osip'ovi | Mark Midler | Viktor Zhdanovich | Yury Ivanov | Yury Rudov,https://www.olympedia.org/results/86748
result-86883,86883,1956 Summer Olympics,14,1956,Melbourne,Fencing,"Foil, Individual, Women",Women,individual,3,3,Jan Romary | Judy Goodrich | Maxine Mitchell,Emma Yefimova | Nadezhda Shitikova | Valentina Rastvorova,https://www.olympedia.org/results/86883
result-86781,86781,1956 Summer Olympics,14,1956,Melbourne,Fencing,"Sabre, Individual, Men",Men,individual,5,6,Abe Cohen | Allan Kwartler | Dick Dyer | George Worth | Tibor Nyilas,Aleksandr Vetrov | David Tyshler | Leonid Bogdanov | Lev Kuznetsov | Yakov Rylsky | Yevgeny Cherepovsky,https://www.olympedia.org/results/86781
result-86762,86762,1956 Summer Olympics,14,1956,Melbourne,Fencing,"Épée, Individual, Men",Men,individual,4,5,Dick Pew | Kin Hoitsma | Ralph Goldstein | Skip Shurtz,Arnold Chernushevich | Juozas Udras | Lev Saychuk | Revaz Tsirek'idze | Valentin Vdovichenko,https://www.olympedia.org/results/86762
result-33721,33721,1956 Summer Olympics,14,1956,Melbourne,Football,"Football, Men",Men,team,16,20,Al Zerhusen | Alfonso Marina | Bill Conterio | Bill Looby | Ed Murphy | Harry Keough | Herman Wecke | Jim Dorrian | John Carden | Lloyd Monsen | Richard Packer | Ron Coder | Ruben Mendoza | Siegbert Wirth | Svend Engedal | Zenon Snylyk,Aleksey Paramonov | Anatoly Bashashkin | Anatoly Ilyin | Anatoly Isayev | Anatoly Maslyonkin | Anatoly Porkhunov | Boris Kuznetsov | Boris Razinsky | Boris Tatushin | Eduard Streltsov | Igor Netto | Lev Yashin | Mikhail Ogonkov | Nikita Simonyan | Nikolay Tishchenko | Sergey Salnikov | Valentin Ivanov | Vladimir Ryzhkin | Yozhef Betsa | Yury Belyayev,https://www.olympedia.org/results/33721
result-38305,38305,1956 Summer Olympics,14,1956,Melbourne,Water Polo,"Water Polo, Men",Men,team,10,10,Bill Kooistra | Bill Ross | Bob Frojen | Bob Horn | Bob Hughes | Jim Gaughran | Ken Hahn | Ronald Severa | Sam Kooistra | Wally Wolf,Boris Goykhman | Boris Markarov | Mikhail Ryzhak | Nodar Gvakharia | P'et're Mshvenieradze | Pyotr Breus | Valentin Prokopov | Viktor Ageyev | Vyacheslav Kurennoy | Yury Shlyapin,https://www.olympedia.org/results/38305
result-123770,123770,1956 Summer Olympics,14,1956,Melbourne,Wrestling,"Bantamweight, Freestyle, Men",Men,individual,1,1,Lee Allen,Mikhail Shakhov,https://www.olympedia.org/results/123770
result-124022,124022,1956 Summer Olympics,14,1956,Melbourne,Wrestling,"Bantamweight, Greco-Roman, Men",Men,individual,1,1,Kent Townley,Konstantin Vyrupayev,https://www.olympedia.org/results/124022
result-123800,123800,1956 Summer Olympics,14,1956,Melbourne,Wrestling,"Featherweight, Freestyle, Men",Men,individual,1,1,Myron Roderick,Linar Salimullin,https://www.olympedia.org/results/123800
result-124052,124052,1956 Summer Olympics,14,1956,Melbourne,Wrestling,"Featherweight, Greco-Roman, Men",Men,individual,1,1,Alan Rice,Roman Dzeneladze,https://www.olympedia.org/results/124052
result-123743,123743,1956 Summer Olympics,14,1956,Melbourne,Wrestling,"Flyweight, Freestyle, Men",Men,individual,1,1,Dick Delgado,Mirian Tsalkalamanidze,https://www.olympedia.org/results/123743
result-123997,123997,1956 Summer Olympics,14,1956,Melbourne,Wrestling,"Flyweight, Greco-Roman, Men",Men,individual,1,1,Dick Wilson,Nikolay Solovyov,https://www.olympedia.org/results/123997
result-123968,123968,1956 Summer Olympics,14,1956,Melbourne,Wrestling,"Heavyweight, Freestyle, Men",Men,individual,1,1,Bill Kerslake,Ivan Vykhristyuk,https://www.olympedia.org/results/123968
result-124182,124182,1956 Summer Olympics,14,1956,Melbourne,Wrestling,"Heavyweight, Greco-Roman, Men",Men,individual,1,1,Dale Lewis,Anatoly Parfyonov,https://www.olympedia.org/results/124182
result-123936,123936,1956 Summer Olympics,14,1956,Melbourne,Wrestling,"Light-Heavyweight, Freestyle, Men",Men,individual,1,1,Pete Blair,Boris Kulayev,https://www.olympedia.org/results/123936
result-124160,124160,1956 Summer Olympics,14,1956,Melbourne,Wrestling,"Light-Heavyweight, Greco-Roman, Men",Men,individual,1,1,Dale Thomas,Valentin Nikolayev,https://www.olympedia.org/results/124160
result-123832,123832,1956 Summer Olympics,14,1956,Melbourne,Wrestling,"Lightweight, Freestyle, Men",Men,individual,1,1,Tommy Evans,Alimbeg Bestayev,https://www.olympedia.org/results/123832
result-124077,124077,1956 Summer Olympics,14,1956,Melbourne,Wrestling,"Lightweight, Greco-Roman, Men",Men,individual,1,1,Tommy Evans,Vladimir Rosin,https://www.olympedia.org/results/124077
result-123901,123901,1956 Summer Olympics,14,1956,Melbourne,Wrestling,"Middleweight, Freestyle, Men",Men,individual,1,1,Dan Hodge,Giorgi Skhirt'ladze,https://www.olympedia.org/results/123901
result-124138,124138,1956 Summer Olympics,14,1956,Melbourne,Wrestling,"Middleweight, Greco-Roman, Men",Men,individual,1,1,Jim Peckham,Givi K'art'ozia,https://www.olympedia.org/results/124138
result-123872,123872,1956 Summer Olympics,14,1956,Melbourne,Wrestling,"Welterweight, Freestyle, Men",Men,individual,1,1,Ernie Fischer,Vakht'ang Balavadze,https://www.olympedia.org/results/123872
result-124110,124110,1956 Summer Olympics,14,1956,Melbourne,Wrestling,"Welterweight, Greco-Roman, Men",Men,individual,1,1,Jay Holt,Vladimir Maneyev,https://www.olympedia.org/results/124110
result-32115,32115,1960 Summer Olympics,15,1960,Rome,Basketball,"Basketball, Men",Men,team,12,12,Adrian Smith | Allen Kelley | Bob Boozer | Burdie Haldorson | Darrall Imhoff | Jay Arnette | Jerry Lucas | Jerry West | Les Lane | Oscar Robertson | Terry Dischinger | Walt Bellamy,Albert Valtin | Aleksandr Petrov | Cēzars Ozers | Gennady Volnov | Guram Minashvili | Jānis Krūmiņš | Maigonis Valdmanis | Mikhail Semyonov | Valdis Muižnieks | Viktor Zubkov | Vladimer Ugrekhelidze | Yury Korneyev,https://www.olympedia.org/results/32115
result-23014,23014,1960 Summer Olympics,15,1960,Rome,Boxing,"Bantamweight, Men",Men,individual,1,1,Jerry Armstrong,Oleg Grigoryev,https://www.olympedia.org/results/23014
result-23053,23053,1960 Summer Olympics,15,1960,Rome,Boxing,"Featherweight, Men",Men,individual,1,1,Nick Spanakos,Boris Nikonorov,https://www.olympedia.org/results/23053
result-22975,22975,1960 Summer Olympics,15,1960,Rome,Boxing,"Flyweight, Men",Men,individual,1,1,Humberto Barrera,Sergey Sivko,https://www.olympedia.org/results/22975
result-23290,23290,1960 Summer Olympics,15,1960,Rome,Boxing,"Heavyweight, Men",Men,individual,1,1,"Percy Price, Jr.",Andrey Abramov,https://www.olympedia.org/results/23290
result-23266,23266,1960 Summer Olympics,15,1960,Rome,Boxing,"Light-Heavyweight, Men",Men,individual,1,1,Cassius Clay,Gennady Shatkov,https://www.olympedia.org/results/23266
result-23208,23208,1960 Summer Olympics,15,1960,Rome,Boxing,"Light-Middleweight, Men",Men,individual,1,1,Wilbert McClure,Boris Lagutin,https://www.olympedia.org/results/23208
result-23129,23129,1960 Summer Olympics,15,1960,Rome,Boxing,"Light-Welterweight, Men",Men,individual,1,1,Quincey Daniels,Vladimir Engibaryan,https://www.olympedia.org/results/23129
result-23089,23089,1960 Summer Olympics,15,1960,Rome,Boxing,"Lightweight, Men",Men,individual,1,1,Harry Campbell,Vilikton Barannikov,https://www.olympedia.org/results/23089
result-23236,23236,1960 Summer Olympics,15,1960,Rome,Boxing,"Middleweight, Men",Men,individual,1,1,Eddie Crook,Yevgeny Feofanov,https://www.olympedia.org/results/23236
result-23169,23169,1960 Summer Olympics,15,1960,Rome,Boxing,"Welterweight, Men",Men,individual,1,1,Phil Baldwin,Yury Radonyak,https://www.olympedia.org/results/23169
result-86895,86895,1960 Summer Olympics,15,1960,Rome,Fencing,"Foil, Individual, Men",Men,individual,3,3,"Albie Axelrod | Gene Glazer | Joseph Paletta, Jr.",Mark Midler | Viktor Zhdanovich | Yury Sisikin,https://www.olympedia.org/results/86895
result-89864,89864,1960 Summer Olympics,15,1960,Rome,Fencing,"Foil, Individual, Women",Women,individual,3,3,Evelyn Terhune | Harriet King | Jan Romary,Aleksandra Zabelina | Galina Gorokhova | Valentina Rastvorova,https://www.olympedia.org/results/89864
result-87876,87876,1960 Summer Olympics,15,1960,Rome,Fencing,"Sabre, Individual, Men",Men,individual,3,3,Alfonso Morales | Allan Kwartler | Michael Dasaro,David Tyshler | Nugzar Asatiani | Yakov Rylsky,https://www.olympedia.org/results/87876
result-87377,87377,1960 Summer Olympics,15,1960,Rome,Fencing,"Épée, Individual, Men",Men,individual,3,3,David Micahnik | James Margolis | Ralph Spinella,Arnold Chernushevich | Bruno Habārovs | Guram Kostava,https://www.olympedia.org/results/87377
result-38341,38341,1960 Summer Olympics,15,1960,Rome,Water Polo,"Water Polo, Men",Men,team,10,11,Bob Horn | Chick McIlroy | Chuck Bittick | Fred Tisue | Gordie Hall | Marvin Burns | Ron Crawford | Ron Volmer | Ronald Severa | Wally Wolf,Anatoly Kartashov | Boris Goykhman | Givi Chikvanaia | Leri Gogoladze | P'et're Mshvenieradze | Viktor Ageyev | Vladimir Novikov | Vladimir Semyonov | Vyacheslav Kurennoy | Yevgeny Saltsyn | Yury Grigorovsky,https://www.olympedia.org/results/38341
result-124250,124250,1960 Summer Olympics,15,1960,Rome,Wrestling,"Bantamweight, Freestyle, Men",Men,individual,1,1,Terry McCann,Mikhail Shakhov,https://www.olympedia.org/results/124250
result-124606,124606,1960 Summer Olympics,15,1960,Rome,Wrestling,"Bantamweight, Greco-Roman, Men",Men,individual,1,1,Larry Lauchle,Oleg Karavayev,https://www.olympedia.org/results/124606
result-124294,124294,1960 Summer Olympics,15,1960,Rome,Wrestling,"Featherweight, Freestyle, Men",Men,individual,1,1,Lou Giani,Vladimer Rubashvili,https://www.olympedia.org/results/124294
result-124658,124658,1960 Summer Olympics,15,1960,Rome,Wrestling,"Featherweight, Greco-Roman, Men",Men,individual,1,1,Lee Allen,Konstantin Vyrupayev,https://www.olympedia.org/results/124658
result-124208,124208,1960 Summer Olympics,15,1960,Rome,Wrestling,"Flyweight, Freestyle, Men",Men,individual,1,1,Gray Simons,Ali Aliyev,https://www.olympedia.org/results/124208
result-124567,124567,1960 Summer Olympics,15,1960,Rome,Wrestling,"Flyweight, Greco-Roman, Men",Men,individual,1,1,Dick Wilson,Ivan Kochergin,https://www.olympedia.org/results/124567
result-124528,124528,1960 Summer Olympics,15,1960,Rome,Wrestling,"Heavyweight, Freestyle, Men",Men,individual,1,1,Bill Kerslake,Savkuz Dzarasov,https://www.olympedia.org/results/124528
result-124913,124913,1960 Summer Olympics,15,1960,Rome,Wrestling,"Heavyweight, Greco-Roman, Men",Men,individual,1,1,Dale Lewis,Ivan Bogdan,https://www.olympedia.org/results/124913
result-124486,124486,1960 Summer Olympics,15,1960,Rome,Wrestling,"Light-Heavyweight, Freestyle, Men",Men,individual,1,1,Dan Brand,Anatoly Albul,https://www.olympedia.org/results/124486
result-124873,124873,1960 Summer Olympics,15,1960,Rome,Wrestling,"Light-Heavyweight, Greco-Roman, Men",Men,individual,1,1,Howard George,Givi K'art'ozia,https://www.olympedia.org/results/124873
result-124345,124345,1960 Summer Olympics,15,1960,Rome,Wrestling,"Lightweight, Freestyle, Men",Men,individual,1,1,Shelby Wilson,Vladimir Sinyavsky,https://www.olympedia.org/results/124345
result-124713,124713,1960 Summer Olympics,15,1960,Rome,Wrestling,"Lightweight, Greco-Roman, Men",Men,individual,1,1,Ben Northrup,Avtandil Koridze,https://www.olympedia.org/results/124713
result-124446,124446,1960 Summer Olympics,15,1960,Rome,Wrestling,"Middleweight, Freestyle, Men",Men,individual,1,1,Ed DeWitt,Giorgi Skhirt'ladze,https://www.olympedia.org/results/124446
result-124824,124824,1960 Summer Olympics,15,1960,Rome,Wrestling,"Middleweight, Greco-Roman, Men",Men,individual,1,1,Russell Camilleri,Nikolay Chuchalov,https://www.olympedia.org/results/124824
result-124397,124397,1960 Summer Olympics,15,1960,Rome,Wrestling,"Welterweight, Freestyle, Men",Men,individual,1,1,Doug Blubaugh,Vakht'ang Balavadze,https://www.olympedia.org/results/124397
result-124763,124763,1960 Summer Olympics,15,1960,Rome,Wrestling,"Welterweight, Greco-Roman, Men",Men,individual,1,1,Fritz Fivian,Grigory Gamarnik,https://www.olympedia.org/results/124763
result-32187,32187,1964 Summer Olympics,16,1964,Tokyo,Basketball,"Basketball, Men",Men,team,12,12,Bill Bradley | Dick Davies | Jeff Mullins | Jerry Shipp | Jif Wilson | Jim Barnes | Joe Caldwell | Larry Brown | Luke Jackson | Mel Counts | Pete McCaffrey | Walt Hazzard,Aleksandr Petrov | Aleksandr Travin | Armenak Alachachyan | Gennady Volnov | Jaak Lipso | Juris Kalniņš | Jānis Krūmiņš | Levan Moseshvili | Nikolay Bagley | Valdis Muižnieks | Vyacheslav Khrynin | Yury Korneyev,https://www.olympedia.org/results/32187
result-23345,23345,1964 Summer Olympics,16,1964,Tokyo,Boxing,"Bantamweight, Men",Men,individual,1,1,Louis Johnson,Oleg Grigoryev,https://www.olympedia.org/results/23345
result-23382,23382,1964 Summer Olympics,16,1964,Tokyo,Boxing,"Featherweight, Men",Men,individual,1,1,Charlie Brown,Stanislav Stepashkin,https://www.olympedia.org/results/23382
result-23312,23312,1964 Summer Olympics,16,1964,Tokyo,Boxing,"Flyweight, Men",Men,individual,1,1,Bob Carmody,Stanislav Sorokin,https://www.olympedia.org/results/23312
result-23614,23614,1964 Summer Olympics,16,1964,Tokyo,Boxing,"Heavyweight, Men",Men,individual,1,1,Joe Frazier,Vadim Yemelyanov,https://www.olympedia.org/results/23614
result-23590,23590,1964 Summer Olympics,16,1964,Tokyo,Boxing,"Light-Heavyweight, Men",Men,individual,1,1,Bob Christopherson,Aleksey Kiselyov,https://www.olympedia.org/results/23590
result-23535,23535,1964 Summer Olympics,16,1964,Tokyo,Boxing,"Light-Middleweight, Men",Men,individual,1,1,Toby Gibson,Boris Lagutin,https://www.olympedia.org/results/23535
result-23459,23459,1964 Summer Olympics,16,1964,Tokyo,Boxing,"Light-Welterweight, Men",Men,individual,1,1,Charley Ellis,Yevgeny Frolov,https://www.olympedia.org/results/23459
result-23419,23419,1964 Summer Olympics,16,1964,Tokyo,Boxing,"Lightweight, Men",Men,individual,1,1,Ronnie Harris,Vilikton Barannikov,https://www.olympedia.org/results/23419
result-23565,23565,1964 Summer Olympics,16,1964,Tokyo,Boxing,"Middleweight, Men",Men,individual,1,1,Jimmy Rosette,Valery Popenchenko,https://www.olympedia.org/results/23565
result-23500,23500,1964 Summer Olympics,16,1964,Tokyo,Boxing,"Welterweight, Men",Men,individual,1,1,Maurice Frilot,Ričardas Tamulis,https://www.olympedia.org/results/23500
result-90541,90541,1964 Summer Olympics,16,1964,Tokyo,Fencing,"Foil, Individual, Men",Men,individual,3,3,Albie Axelrod | Ed Richards | Herb Cohen,German Sveshnikov | Mark Midler | Viktor Zhdanovich,https://www.olympedia.org/results/90541
result-92978,92978,1964 Summer Olympics,16,1964,Tokyo,Fencing,"Foil, Individual, Women",Women,individual,3,3,Harriet King | Jan Romary | Tommy Angell,Galina Gorokhova | Valentina Prudskova | Valentina Rastvorova,https://www.olympedia.org/results/92978
result-91259,91259,1964 Summer Olympics,16,1964,Tokyo,Fencing,"Sabre, Individual, Men",Men,individual,3,3,Attila Keresztes | Gene Hamori | Tom Orley,Mark Rakita | Umyar Mavlikhanov | Yakov Rylsky,https://www.olympedia.org/results/91259
result-90845,90845,1964 Summer Olympics,16,1964,Tokyo,Fencing,"Épée, Individual, Men",Men,individual,3,3,David Micahnik | Frank Anger | Paul Pesthy,Bruno Habārovs | Grigory Kriss | Guram Kostava,https://www.olympedia.org/results/90845
result-15091,15091,1964 Summer Olympics,16,1964,Tokyo,Judo,"Heavyweight, Men",Men,individual,1,2,George Harris,Anzor K'ik'nadze | Parnaoz Chik'viladze,https://www.olympedia.org/results/15091
result-15000,15000,1964 Summer Olympics,16,1964,Tokyo,Judo,"Lightweight, Men",Men,individual,1,2,Paul Maruyama,Oleg Stepanov | Ārons Boguļubovs,https://www.olympedia.org/results/15000
result-37000,37000,1964 Summer Olympics,16,1964,Tokyo,Volleyball,"Volleyball, Men",Men,team,12,12,"Barry Brown | Bill Griebenow | Chuck Nelson | Dick Hammer | Ernie Suwara | Jake Highland | John Taylor | Keith Erickson | Mike Bright | Mike O'Hara | Pete Velasco, Jr. | Ron Lang",Dmitry Voskoboynikov | Eduard Sibiryakov | Georgy Mondzolevsky | Ivans Bugajenkovs | Nikolay Burobin | Staņislavs Lugailo | Valery Kalachikhin | Vazha K'ach'arava | Vitaly Kovalenko | Yury Chesnokov | Yury Poyarkov | Yury Vengerovsky,https://www.olympedia.org/results/37000
result-37048,37048,1964 Summer Olympics,16,1964,Tokyo,Volleyball,"Volleyball, Women",Women,team,12,12,Barbie Harwerth | Gail O'Rourke | Jane Ward | Jean Gaertner | Linda Murphy | Lou Sara Galloway | Mary Jo Peppler | Mary Perry | Nancy Owen | Neda Thomas | Patti Bright | Sharon Peterson,Antonina Ryzhova | Astra Biltauere | Inna Ryskal | Lyudmila Buldakova | Lyudmila Gureyeva | Marita Katusheva | Nelli Abramova | Ninel Lukanina | Tamara Tikhonina | Tatyana Roshchina | Valentina Kamenyok | Valentina Mishak,https://www.olympedia.org/results/37048
result-38391,38391,1964 Summer Olympics,16,1964,Tokyo,Water Polo,"Water Polo, Men",Men,team,10,11,Bob Saari | Chick McIlroy | Dan Drown | Dave Ashleigh | George Stransky | Ned McIlroy | Ralph Whitney | Ron Crawford | Stan Cole | Tony Van Dorp,Boris Grishin | Boris Popov | Eduard Yegorov | Igor Grabovsky | Leonid Osipov | Nikolay Kalashnikov | Nikolay Kuznetsov | Viktor Ageyev | Vladimir Kuznetsov | Vladimir Semyonov | Zenon Bortkevich,https://www.olympedia.org/results/38391
result-124983,124983,1964 Summer Olympics,16,1964,Tokyo,Wrestling,"Bantamweight, Freestyle, Men",Men,individual,1,1,Dave Auble,Aydın İbrahimov,https://www.olympedia.org/results/124983
result-125303,125303,1964 Summer Olympics,16,1964,Tokyo,Wrestling,"Bantamweight, Greco-Roman, Men",Men,individual,1,1,Andy Fitch,Vladlen Trostyansky,https://www.olympedia.org/results/125303
result-125026,125026,1964 Summer Olympics,16,1964,Tokyo,Wrestling,"Featherweight, Freestyle, Men",Men,individual,1,1,Bobby Douglas,Nodar Khokhashvili,https://www.olympedia.org/results/125026
result-125340,125340,1964 Summer Olympics,16,1964,Tokyo,Wrestling,"Featherweight, Greco-Roman, Men",Men,individual,1,1,Ron Finley,Roman Rurua,https://www.olympedia.org/results/125340
result-124937,124937,1964 Summer Olympics,16,1964,Tokyo,Wrestling,"Flyweight, Freestyle, Men",Men,individual,1,1,Gray Simons,Ali Aliyev,https://www.olympedia.org/results/124937
result-125266,125266,1964 Summer Olympics,16,1964,Tokyo,Wrestling,"Flyweight, Greco-Roman, Men",Men,individual,1,1,Dick Wilson,Armais Sayadov,https://www.olympedia.org/results/125266
result-125234,125234,1964 Summer Olympics,16,1964,Tokyo,Wrestling,"Heavyweight, Freestyle, Men",Men,individual,1,1,Larry Kristoff,Aleksandr Ivanitsky,https://www.olympedia.org/results/125234
result-125565,125565,1964 Summer Olympics,16,1964,Tokyo,Wrestling,"Heavyweight, Greco-Roman, Men",Men,individual,1,1,Bob Pickens,Anatoly Roshchin,https://www.olympedia.org/results/125565
result-125196,125196,1964 Summer Olympics,16,1964,Tokyo,Wrestling,"Light-Heavyweight, Freestyle, Men",Men,individual,1,1,Jerry Conine,Aliaksandr Miadved,https://www.olympedia.org/results/125196
result-125527,125527,1964 Summer Olympics,16,1964,Tokyo,Wrestling,"Light-Heavyweight, Greco-Roman, Men",Men,individual,1,1,Pat Lovell,Rost'om Abashidze,https://www.olympedia.org/results/125527
result-125071,125071,1964 Summer Olympics,16,1964,Tokyo,Wrestling,"Lightweight, Freestyle, Men",Men,individual,1,1,Gregory Ruth,Zarbeg Beriashvili,https://www.olympedia.org/results/125071
result-125396,125396,1964 Summer Olympics,16,1964,Tokyo,Wrestling,"Lightweight, Greco-Roman, Men",Men,individual,1,1,Jim Burke,Davit Gvantseladze,https://www.olympedia.org/results/125396
result-125161,125161,1964 Summer Olympics,16,1964,Tokyo,Wrestling,"Middleweight, Freestyle, Men",Men,individual,1,1,Dan Brand,Shota Lomidze,https://www.olympedia.org/results/125161
result-125485,125485,1964 Summer Olympics,16,1964,Tokyo,Wrestling,"Middleweight, Greco-Roman, Men",Men,individual,1,1,Wayne Baughman,Valentin Olenik,https://www.olympedia.org/results/125485
result-125116,125116,1964 Summer Olympics,16,1964,Tokyo,Wrestling,"Welterweight, Freestyle, Men",Men,individual,1,1,Charles Tribble,Guram Sagharadze,https://www.olympedia.org/results/125116
result-125440,125440,1964 Summer Olympics,16,1964,Tokyo,Wrestling,"Welterweight, Greco-Roman, Men",Men,individual,1,1,Russell Camilleri,Anatoly Kolesov,https://www.olympedia.org/results/125440
result-32268,32268,1968 Summer Olympics,17,1968,Mexico City,Basketball,"Basketball, Men",Men,team,12,12,Bill Hosket | Cal Fowler | Charlie Scott | Don Dee | Glynn Saulters | Jim King | Jo-Jo White | John Clawson | Ken Spain | Mike Barrett | Mike Silliman | Spencer Haywood,Anatoli Krikun | Anatoly Polivoda | Gennady Volnov | Jaak Lipso | Modestas Paulauskas | Priit Tomson | Sergey Belov | Sergey Kovalenko | Vadim Kapranov | Vladimir Andreyev | Yury Selikhov | Zurab Sak'andelidze,https://www.olympedia.org/results/32268
result-23692,23692,1968 Summer Olympics,17,1968,Mexico City,Boxing,"Bantamweight, Men",Men,individual,1,1,Sammy Goss,Valerian Sokolov,https://www.olympedia.org/results/23692
result-23737,23737,1968 Summer Olympics,17,1968,Mexico City,Boxing,"Featherweight, Men",Men,individual,1,1,Al Robinson,Valery Plotnikov,https://www.olympedia.org/results/23737
result-23661,23661,1968 Summer Olympics,17,1968,Mexico City,Boxing,"Flyweight, Men",Men,individual,1,1,Davey Vasquez,Nikolay Novikov,https://www.olympedia.org/results/23661
result-23981,23981,1968 Summer Olympics,17,1968,Mexico City,Boxing,"Heavyweight, Men",Men,individual,1,1,George Foreman,Jonas Čepulis,https://www.olympedia.org/results/23981
result-23632,23632,1968 Summer Olympics,17,1968,Mexico City,Boxing,"Light-Flyweight, Men",Men,individual,1,1,Harlan Marbley,Viktor Zaporozhets,https://www.olympedia.org/results/23632
result-23958,23958,1968 Summer Olympics,17,1968,Mexico City,Boxing,"Light-Heavyweight, Men",Men,individual,1,1,Art Redden,Danas Pozniakas,https://www.olympedia.org/results/23958
result-23898,23898,1968 Summer Olympics,17,1968,Mexico City,Boxing,"Light-Middleweight, Men",Men,individual,1,1,Johnny Baldwin,Boris Lagutin,https://www.olympedia.org/results/23898
result-23817,23817,1968 Summer Olympics,17,1968,Mexico City,Boxing,"Light-Welterweight, Men",Men,individual,1,1,Jim Wallington,Yevgeny Frolov,https://www.olympedia.org/results/23817
result-23774,23774,1968 Summer Olympics,17,1968,Mexico City,Boxing,"Lightweight, Men",Men,individual,1,1,Ronnie Harris,Valery Belousov,https://www.olympedia.org/results/23774
result-23930,23930,1968 Summer Olympics,17,1968,Mexico City,Boxing,"Middleweight, Men",Men,individual,1,1,Al Jones,Aleksey Kiselyov,https://www.olympedia.org/results/23930
result-23859,23859,1968 Summer Olympics,17,1968,Mexico City,Boxing,"Welterweight, Men",Men,individual,1,1,Armando Muniz,Vladimir Musalimov,https://www.olympedia.org/results/23859
result-93474,93474,1968 Summer Olympics,17,1968,Mexico City,Fencing,"Foil, Individual, Men",Men,individual,3,3,Herb Cohen | Jeffrey Checkes | Larry Anastasi,German Sveshnikov | Vasily Stankovich | Viktor Putyatin,https://www.olympedia.org/results/93474
result-96118,96118,1968 Summer Olympics,17,1968,Mexico City,Fencing,"Foil, Individual, Women",Women,individual,3,3,Harriet King | Jan Romary | Veronica Smith,Aleksandra Zabelina | Galina Gorokhova | Yelena Novikova,https://www.olympedia.org/results/96118
result-94245,94245,1968 Summer Olympics,17,1968,Mexico City,Fencing,"Sabre, Individual, Men",Men,individual,3,3,Alex Orban | Alfonso Morales | Jack Keane,Mark Rakita | Umyar Mavlikhanov | Vladimir Nazlymov,https://www.olympedia.org/results/94245
result-93838,93838,1968 Summer Olympics,17,1968,Mexico City,Fencing,"Épée, Individual, Men",Men,individual,3,3,David Micahnik | Paul Pesthy | Stephen Netburn,Aleksey Nikanchikov | Grigory Kriss | Viktor Modzalevsky,https://www.olympedia.org/results/93838
result-900189,900189,1968 Summer Olympics,17,1968,Mexico City,Tennis,"Doubles, Men",Men,team,2,4,Jim McManus | Jim Osborne,Anatoly Volkov | Hans Nerell | Teimuraz K'ak'ulia | Vladimir Korotkov,https://www.olympedia.org/results/900189
result-900273,900273,1968 Summer Olympics,17,1968,Mexico City,Tennis,"Doubles, Men",Men,team,2,4,Herb Fitzgibbon | Jim McManus,Anatoly Volkov | Francisco Guzmán | Teimuraz K'ak'ulia | Vladimir Korotkov,https://www.olympedia.org/results/900273
result-900237,900237,1968 Summer Olympics,17,1968,Mexico City,Tennis,"Doubles, Mixed",Mixed,team,6,2,Herb Fitzgibbon | Jane Bartkowicz | Jim McManus | Jim Osborne | Julie Heldman | Valerie Ziegenfuss,Vladimir Korotkov | Zaiga Jansone,https://www.olympedia.org/results/900237
result-900305,900305,1968 Summer Olympics,17,1968,Mexico City,Tennis,"Doubles, Mixed",Mixed,team,6,4,Herb Fitzgibbon | Ingo Buding | Jane Bartkowicz | Jim McManus | Julie Heldman | Valerie Ziegenfuss,Suzana Petersen | Teimuraz K'ak'ulia | Vladimir Korotkov | Zaiga Jansone,https://www.olympedia.org/results/900305
result-900297,900297,1968 Summer Olympics,17,1968,Mexico City,Tennis,"Doubles, Women",Women,team,4,2,Jane Bartkowicz | Julie Heldman | Rosie Darmon | Valerie Ziegenfuss,Cecilia Rosado | Zaiga Jansone,https://www.olympedia.org/results/900297
result-900151,900151,1968 Summer Olympics,17,1968,Mexico City,Tennis,"Singles, Men",Men,individual,3,3,Herb Fitzgibbon | Jim McManus | Jim Osborne,Anatoly Volkov | Teimuraz K'ak'ulia | Vladimir Korotkov,https://www.olympedia.org/results/900151
result-900254,900254,1968 Summer Olympics,17,1968,Mexico City,Tennis,"Singles, Men",Men,individual,2,3,Herb Fitzgibbon | Jim McManus,Anatoly Volkov | Teimuraz K'ak'ulia | Vladimir Korotkov,https://www.olympedia.org/results/900254
result-900209,900209,1968 Summer Olympics,17,1968,Mexico City,Tennis,"Singles, Women",Women,individual,3,1,Jane Bartkowicz | Julie Heldman | Valerie Ziegenfuss,Zaiga Jansone,https://www.olympedia.org/results/900209
result-900283,900283,1968 Summer Olympics,17,1968,Mexico City,Tennis,"Singles, Women",Women,individual,3,1,Jane Bartkowicz | Julie Heldman | Valerie Ziegenfuss,Zaiga Jansone,https://www.olympedia.org/results/900283
result-37066,37066,1968 Summer Olympics,17,1968,Mexico City,Volleyball,"Volleyball, Men",Men,team,12,12,"Butch May | Danny Patterson | Jack Henn | John Alstrom | Jon Stanley | Larry Rundle | Mike Bright | Pete Velasco, Jr. | Rudy Suwara | Smitty Duke | Tom Haine | Wink Davenport",Boris Tereshchuk | Eduard Sibiryakov | Georgy Mondzolevsky | Ivans Bugajenkovs | Oļegs Antropovs | Valery Kravchenko | Vasilijus Matuševas | Viktor Mikhalchuk | Vladimir Belyayev | Vladimir Ivanov | Yevgeny Lapinsky | Yury Poyarkov,https://www.olympedia.org/results/37066
result-37114,37114,1968 Summer Olympics,17,1968,Mexico City,Volleyball,"Volleyball, Women",Women,team,12,12,Bobbie Perry | Fanny Hopeau | Jane Ward | Kathryn Heck | Laurie Lewis | Marilyn McReavy | Mary Perry | Miki McFadden | Nancy Owen | Ninja Jorgensen | Patti Bright | Sharon Peterson,Galina Leontyeva | Inna Ryskal | Lyudmila Buldakova | Lyudmila Mikhaylovskaya | Nina Smoleyeva | Roza Salikhova | Tatjana Veinberga | Tatyana Ponyayeva | Tatyana Sarycheva | Valentina Vinogradova | Vera Galushka | Vera Lantratova,https://www.olympedia.org/results/37114
result-38432,38432,1968 Summer Olympics,17,1968,Mexico City,Water Polo,"Water Polo, Men",Men,team,11,11,Barry Weitzenberg | Bruce Bradley | Dave Ashleigh | Dean Willeford | Gary Sheerer | John Parker | Ron Crawford | Russ Webb | Stan Cole | Steve Barnett | Tony Van Dorp,Aleksandr Dolgushin | Aleksandr Shidlovsky | Aleksey Barkalov | Boris Grishin | Givi Chikvanaia | Leonid Osipov | Oleg Bovin | Vadim Gulyayev | Vladimir Semyonov | Vyacheslav Skok | Yury Grigorovsky,https://www.olympedia.org/results/38432
result-125649,125649,1968 Summer Olympics,17,1968,Mexico City,Wrestling,"Bantamweight, Freestyle, Men",Men,individual,1,1,Don Behm,Ali Aliyev,https://www.olympedia.org/results/125649
result-126025,126025,1968 Summer Olympics,17,1968,Mexico City,Wrestling,"Bantamweight, Greco-Roman, Men",Men,individual,1,1,Dave Hazewinkel,Ivan Kochergin,https://www.olympedia.org/results/126025
result-125700,125700,1968 Summer Olympics,17,1968,Mexico City,Wrestling,"Featherweight, Freestyle, Men",Men,individual,1,1,Bobby Douglas,Yelkan Tedeyev,https://www.olympedia.org/results/125700
result-126080,126080,1968 Summer Olympics,17,1968,Mexico City,Wrestling,"Featherweight, Greco-Roman, Men",Men,individual,1,1,Jim Hazewinkel,Roman Rurua,https://www.olympedia.org/results/126080
result-125593,125593,1968 Summer Olympics,17,1968,Mexico City,Wrestling,"Flyweight, Freestyle, Men",Men,individual,1,1,Rich Sanders,Nazar Albaryan,https://www.olympedia.org/results/125593
result-125976,125976,1968 Summer Olympics,17,1968,Mexico City,Wrestling,"Flyweight, Greco-Roman, Men",Men,individual,1,1,Rich Tamble,Vladimir Bakulin,https://www.olympedia.org/results/125976
result-125943,125943,1968 Summer Olympics,17,1968,Mexico City,Wrestling,"Heavyweight, Freestyle, Men",Men,individual,1,1,Larry Kristoff,Aliaksandr Miadved,https://www.olympedia.org/results/125943
result-126308,126308,1968 Summer Olympics,17,1968,Mexico City,Wrestling,"Heavyweight, Greco-Roman, Men",Men,individual,1,1,Bob Roop,Anatoly Roshchin,https://www.olympedia.org/results/126308
result-125900,125900,1968 Summer Olympics,17,1968,Mexico City,Wrestling,"Light-Heavyweight, Freestyle, Men",Men,individual,1,1,Jess Lewis,Shota Lomidze,https://www.olympedia.org/results/125900
result-126272,126272,1968 Summer Olympics,17,1968,Mexico City,Wrestling,"Light-Heavyweight, Greco-Roman, Men",Men,individual,1,1,Henk Schenk,Nikolay Yakovenko,https://www.olympedia.org/results/126272
result-125753,125753,1968 Summer Olympics,17,1968,Mexico City,Wrestling,"Lightweight, Freestyle, Men",Men,individual,1,1,Wayne Wells,Zarbeg Beriashvili,https://www.olympedia.org/results/125753
result-126127,126127,1968 Summer Olympics,17,1968,Mexico City,Wrestling,"Lightweight, Greco-Roman, Men",Men,individual,1,1,Werner Holzer,Gennady Sapunov,https://www.olympedia.org/results/126127
result-125850,125850,1968 Summer Olympics,17,1968,Mexico City,Wrestling,"Middleweight, Freestyle, Men",Men,individual,1,1,Tom Peckham,Boris Gurevich,https://www.olympedia.org/results/125850
result-126229,126229,1968 Summer Olympics,17,1968,Mexico City,Wrestling,"Middleweight, Greco-Roman, Men",Men,individual,1,1,Wayne Baughman,Valentin Olenik,https://www.olympedia.org/results/126229
result-125807,125807,1968 Summer Olympics,17,1968,Mexico City,Wrestling,"Welterweight, Freestyle, Men",Men,individual,1,1,Steve Combs,Yury Shakhmuradov,https://www.olympedia.org/results/125807
result-126187,126187,1968 Summer Olympics,17,1968,Mexico City,Wrestling,"Welterweight, Greco-Roman, Men",Men,individual,1,1,Larry Lyden,Viktor Igumenov,https://www.olympedia.org/results/126187
result-32349,32349,1972 Summer Olympics,18,1972,Munich,Basketball,"Basketball, Men",Men,team,12,12,Bobby Jones | Doug Collins | Dwight Jones | Ed Ratleff | Jim Brewer | Jim Forbes | Kenny Davis | Kevin Joyce | Mike Bantom | Tom Henderson | Tom McMillen | Tommy Burleson,Aleksandr Belov | Aleksandr Boloshev | Alzhan Zharmukhamedov | Anatoly Polivoda | Gennady Volnov | Ivan Dvorny | Ivan Yedeshko | Mikheil Korkia | Modestas Paulauskas | Sergey Belov | Sergey Kovalenko | Zurab Sak'andelidze,https://www.olympedia.org/results/32349
result-24081,24081,1972 Summer Olympics,18,1972,Munich,Boxing,"Bantamweight, Men",Men,individual,1,1,Ricardo Carreras,Vasily Solomin,https://www.olympedia.org/results/24081
result-24125,24125,1972 Summer Olympics,18,1972,Munich,Boxing,"Featherweight, Men",Men,individual,1,1,Louis Self,Boris Kuznetsov,https://www.olympedia.org/results/24125
result-24037,24037,1972 Summer Olympics,18,1972,Munich,Boxing,"Flyweight, Men",Men,individual,1,1,Tim Dement,Boris Zoriktuyev,https://www.olympedia.org/results/24037
result-24400,24400,1972 Summer Olympics,18,1972,Munich,Boxing,"Heavyweight, Men",Men,individual,1,1,Duane Bobick,Yury Nesterov,https://www.olympedia.org/results/24400
result-24001,24001,1972 Summer Olympics,18,1972,Munich,Boxing,"Light-Flyweight, Men",Men,individual,1,1,Davey Armstrong,Volodymyr Ivanov,https://www.olympedia.org/results/24001
result-24367,24367,1972 Summer Olympics,18,1972,Munich,Boxing,"Light-Heavyweight, Men",Men,individual,1,1,Ray Russell,Nikolay Anfimov,https://www.olympedia.org/results/24367
result-24299,24299,1972 Summer Olympics,18,1972,Munich,Boxing,"Light-Middleweight, Men",Men,individual,1,1,Reggie Jones,Valery Tregubov,https://www.olympedia.org/results/24299
result-24219,24219,1972 Summer Olympics,18,1972,Munich,Boxing,"Light-Welterweight, Men",Men,individual,1,1,Ray Seales,Anatoly Kamnev,https://www.olympedia.org/results/24219
result-24176,24176,1972 Summer Olympics,18,1972,Munich,Boxing,"Lightweight, Men",Men,individual,1,1,James Busceme,Gennady Dobrokhotov,https://www.olympedia.org/results/24176
result-24340,24340,1972 Summer Olympics,18,1972,Munich,Boxing,"Middleweight, Men",Men,individual,1,1,Marvin Johnson,Vyacheslav Lemeshev,https://www.olympedia.org/results/24340
result-24256,24256,1972 Summer Olympics,18,1972,Munich,Boxing,"Welterweight, Men",Men,individual,1,1,Jesse Valdez,Anatoly Khokhlov,https://www.olympedia.org/results/24256
result-96653,96653,1972 Summer Olympics,18,1972,Munich,Fencing,"Foil, Individual, Men",Men,individual,3,3,Carl Borack | John Nonna | Joseph Freeman,Anatoly Koteshev | Vasily Stankovich | Vladimir Denisov,https://www.olympedia.org/results/96653
result-99414,99414,1972 Summer Olympics,18,1972,Munich,Fencing,"Foil, Individual, Women",Women,individual,3,3,Ann O'Donnell | Harriet King | Ruth White,Aleksandra Zabelina | Galina Gorokhova | Yelena Belova,https://www.olympedia.org/results/99414
result-97460,97460,1972 Summer Olympics,18,1972,Munich,Fencing,"Sabre, Individual, Men",Men,individual,3,3,Alex Orban | Alfonso Morales | Paul Apostol,Mark Rakita | Viktor Sidyak | Vladimir Nazlymov,https://www.olympedia.org/results/97460
result-97028,97028,1972 Summer Olympics,18,1972,Munich,Fencing,"Épée, Individual, Men",Men,individual,3,3,George Masin | James Melcher | Stephen Netburn,Grigory Kriss | Igor Valetov | Sergey Paramonov,https://www.olympedia.org/results/97028
result-33855,33855,1972 Summer Olympics,18,1972,Munich,Football,"Football, Men",Men,team,19,19,Al Trost | Archie Roboostoff | Art Demling | Casey Bahr | Horst Stemke | Hugo Salcedo | Jim Zylker | Joe Hamm | John Bocwinski | John Carenza | Mani Hernandez | Mike Flater | Mike Ivanow | Mike Margulis | Mike Seerey | Neil Stam | Shep Messing | Steve Gay | Wally Ziaja,Anatoly Kuksov | Andrey Yakubik | Arkadi Andriasyan | Gennady Yevryuzhikhin | Hovhannes Zanazanyan | Murtaz Khurtsilava | Oleg Blokhin | Revaz Dzodzuashvili | Sergey Olshansky | Viktor Kolotov | Vladimir Kaplichny | Vladimir Onishchenko | Vladimir Pilguy | Vyacheslav Semyonov | Yevgeny Lovchev | Yevgeny Rudakov | Yozhef Sabo | Yury Istomin | Yury Yeliseyev,https://www.olympedia.org/results/33855
result-34518,34518,1972 Summer Olympics,18,1972,Munich,Handball,"Handball, Men",Men,team,16,16,"Bob Sparks | Dennis Berkholtz | Ellie Edes | Fletcher Abram, Jr. | Harry Winkler, Jr. | Jim Rogers | Joel Voelkert | Kevin Serrapede | Larry Caton | Matt Matthews | Richard Abrahamson | Richard Schlesinger, Jr. | Roger Baker | Sandor Rivnyak | Tom Hardiman | Vincent DiCalogero",Albert Oganezov | Aleksandr Panov | Aleksandr Rezanov | Anatoly Shevchenko | Ivan Usaty | Jānis Vilsons | Mikhail Ishchenko | Mikhail Lutsenko | Nikolay Semyonov | Pavel Kuyavski | Valentin Kulyov | Valery Gassy | Vasily Ilyin | Vladimir Maksimov | Yury Klimov | Yury Lagutin,https://www.olympedia.org/results/34518
result-15299,15299,1972 Summer Olympics,18,1972,Munich,Judo,"Half-Heavyweight, Men",Men,individual,1,1,Jimmy Wooley,Shota Chochishvili,https://www.olympedia.org/results/15299
result-15190,15190,1972 Summer Olympics,18,1972,Munich,Judo,"Half-Middleweight, Men",Men,individual,1,1,Pat Burris,Anatoly Novikov,https://www.olympedia.org/results/15190
result-15351,15351,1972 Summer Olympics,18,1972,Munich,Judo,"Heavyweight, Men",Men,individual,1,1,Larry Nelson,Givi Onashvili,https://www.olympedia.org/results/15351
result-15139,15139,1972 Summer Olympics,18,1972,Munich,Judo,"Lightweight, Men",Men,individual,1,1,Ken Okada,Sergey Suslin,https://www.olympedia.org/results/15139
result-15240,15240,1972 Summer Olympics,18,1972,Munich,Judo,"Middleweight, Men",Men,individual,1,1,Irwin Cohen,Guram Gogolauri,https://www.olympedia.org/results/15240
result-15391,15391,1972 Summer Olympics,18,1972,Munich,Judo,"Open Class, Men",Men,individual,1,1,Johnny Watts,Vitaly Kuznetsov,https://www.olympedia.org/results/15391
result-38502,38502,1972 Summer Olympics,18,1972,Munich,Water Polo,"Water Polo, Men",Men,team,11,11,Barry Weitzenberg | Bruce Bradley | Eric Lindroth | Gary Sheerer | Jim Ferguson | Jim Slatton | John Parker | Peter Asch | Russ Webb | Stan Cole | Steve Barnett,Aleksandr Dolgushin | Aleksandr Dreval | Aleksandr Kabanov | Aleksandr Shidlovsky | Aleksey Barkalov | Anatoly Akimov | Leonid Osipov | Nikolay Melnikov | Vadim Gulyayev | Vladimir Zhmudsky | Vyacheslav Sobchenko,https://www.olympedia.org/results/38502
result-126431,126431,1972 Summer Olympics,18,1972,Munich,Wrestling,"Bantamweight, Freestyle, Men",Men,individual,1,1,Rich Sanders,Ivan Kuleshov,https://www.olympedia.org/results/126431
result-126916,126916,1972 Summer Olympics,18,1972,Munich,Wrestling,"Bantamweight, Greco-Roman, Men",Men,individual,1,1,Dave Hazewinkel,Rustem Kazakov,https://www.olympedia.org/results/126916
result-126494,126494,1972 Summer Olympics,18,1972,Munich,Wrestling,"Featherweight, Freestyle, Men",Men,individual,1,1,Gene Davis,Zagalav Abdulbekov,https://www.olympedia.org/results/126494
result-126977,126977,1972 Summer Olympics,18,1972,Munich,Wrestling,"Featherweight, Greco-Roman, Men",Men,individual,1,1,Jim Hazewinkel,Jemal Megrelishvili,https://www.olympedia.org/results/126977
result-126377,126377,1972 Summer Olympics,18,1972,Munich,Wrestling,"Flyweight, Freestyle, Men",Men,individual,1,1,Jimmy Carr,Arsen Alakhverdiyev,https://www.olympedia.org/results/126377
result-126759,126759,1972 Summer Olympics,18,1972,Munich,Wrestling,"Heavyweight, Freestyle, Men",Men,individual,1,1,Henk Schenk,Ivan Yarygin,https://www.olympedia.org/results/126759
result-127190,127190,1972 Summer Olympics,18,1972,Munich,Wrestling,"Heavyweight, Greco-Roman, Men",Men,individual,1,1,Buck Deadrich,Nikolay Yakovenko,https://www.olympedia.org/results/127190
result-126345,126345,1972 Summer Olympics,18,1972,Munich,Wrestling,"Light-Flyweight, Freestyle, Men",Men,individual,1,1,Sergio Gonzalez,Roman Dmitriyev,https://www.olympedia.org/results/126345
result-126830,126830,1972 Summer Olympics,18,1972,Munich,Wrestling,"Light-Flyweight, Greco-Roman, Men",Men,individual,1,1,Wayne Holmes,Vladimir Zubkov,https://www.olympedia.org/results/126830
result-126710,126710,1972 Summer Olympics,18,1972,Munich,Wrestling,"Light-Heavyweight, Freestyle, Men",Men,individual,1,1,Ben Peterson,Gennady Strakhov,https://www.olympedia.org/results/126710
result-127155,127155,1972 Summer Olympics,18,1972,Munich,Wrestling,"Light-Heavyweight, Greco-Roman, Men",Men,individual,1,1,Wayne Baughman,Valery Rezantsev,https://www.olympedia.org/results/127155
result-126551,126551,1972 Summer Olympics,18,1972,Munich,Wrestling,"Lightweight, Freestyle, Men",Men,individual,1,1,Dan Gable,Ruslan Ashuraliyev,https://www.olympedia.org/results/126551
result-127021,127021,1972 Summer Olympics,18,1972,Munich,Wrestling,"Lightweight, Greco-Roman, Men",Men,individual,1,1,Bob Buzzard,Shamil Khisamutdinov,https://www.olympedia.org/results/127021
result-126660,126660,1972 Summer Olympics,18,1972,Munich,Wrestling,"Middleweight, Freestyle, Men",Men,individual,1,1,John Peterson,Levan Tediashvili,https://www.olympedia.org/results/126660
result-127112,127112,1972 Summer Olympics,18,1972,Munich,Wrestling,"Middleweight, Greco-Roman, Men",Men,individual,1,1,Jay Robinson,Anatoly Nazarenko,https://www.olympedia.org/results/127112
result-126798,126798,1972 Summer Olympics,18,1972,Munich,Wrestling,"Super-Heavyweight, Freestyle, Men",Men,individual,1,1,Chris Taylor,Aliaksandr Miadved,https://www.olympedia.org/results/126798
result-127221,127221,1972 Summer Olympics,18,1972,Munich,Wrestling,"Super-Heavyweight, Greco-Roman, Men",Men,individual,1,1,Chris Taylor,Anatoly Roshchin,https://www.olympedia.org/results/127221
result-126604,126604,1972 Summer Olympics,18,1972,Munich,Wrestling,"Welterweight, Freestyle, Men",Men,individual,1,1,Wayne Wells,Yury Gusov,https://www.olympedia.org/results/126604
result-127069,127069,1972 Summer Olympics,18,1972,Munich,Wrestling,"Welterweight, Greco-Roman, Men",Men,individual,1,1,Gary Neist,Viktor Igumenov,https://www.olympedia.org/results/127069
result-32430,32430,1976 Summer Olympics,19,1976,Montreal,Basketball,"Basketball, Men",Men,team,12,12,Adrian Dantley | Ernie Grunfeld | Kenny Carr | Mitch Kupchak | Phil Ford | Phil Hubbard | Quinn Buckner | Scott May | Steve Sheppard | Tate Armstrong | Tom LaGarde | Walter Davis,Aleksandr Belov | Aleksandr Salnikov | Alzhan Zharmukhamedov | Anatoly Myshkin | Andrey Makeyev | Ivan Yedeshko | Mikheil Korkia | Sergey Belov | Valery Miloserdov | Vladimir Arzamaskov | Vladimir Tkachenko | Vladimir Zhigily,https://www.olympedia.org/results/32430
result-32480,32480,1976 Summer Olympics,19,1976,Montreal,Basketball,"Basketball, Women",Women,team,12,12,Ann Meyers | Charlotte Lewis | Cindy Brogdon | Gail Marquis | Juliene Simpson | Lucy Harris | Mary Anne O'Connor | Nancy Dunkle | Nancy Lieberman | Pat Head | Sue Rojcewicz | Trish Roberts,Angelė Rupšienė | Nadezhda Shuvayeva | Nadezhda Zakharova | Nataliya Klimova | Nelli Feryabnikova | Olga Barysheva | Olga Sukharnova | Raïsa Kurv'iakova | Tamāra Dauniene | Tatyana Ovechkina | Tatyana Zakharova | Uļjana Semjonova,https://www.olympedia.org/results/32480
result-24495,24495,1976 Summer Olympics,19,1976,Montreal,Boxing,"Bantamweight, Men",Men,individual,1,1,Charlie Mooney,Viktor Rybakov,https://www.olympedia.org/results/24495
result-24540,24540,1976 Summer Olympics,19,1976,Montreal,Boxing,"Featherweight, Men",Men,individual,1,1,Davey Armstrong,Anatoly Volkov,https://www.olympedia.org/results/24540
result-24454,24454,1976 Summer Olympics,19,1976,Montreal,Boxing,"Flyweight, Men",Men,individual,1,1,Leo Randolph,Davit Torosyan,https://www.olympedia.org/results/24454
result-24804,24804,1976 Summer Olympics,19,1976,Montreal,Boxing,"Heavyweight, Men",Men,individual,1,1,Johnny Tate,Viktor Ivanov,https://www.olympedia.org/results/24804
result-24418,24418,1976 Summer Olympics,19,1976,Montreal,Boxing,"Light-Flyweight, Men",Men,individual,1,1,Louis Curtis,Aleksandr Tkachenko,https://www.olympedia.org/results/24418
result-24775,24775,1976 Summer Olympics,19,1976,Montreal,Boxing,"Light-Heavyweight, Men",Men,individual,1,1,Leon Spinks,Anatoly Klimanov,https://www.olympedia.org/results/24775
result-24713,24713,1976 Summer Olympics,19,1976,Montreal,Boxing,"Light-Middleweight, Men",Men,individual,1,1,Chuck Walker,Viktor Savchenko,https://www.olympedia.org/results/24713
result-24621,24621,1976 Summer Olympics,19,1976,Montreal,Boxing,"Light-Welterweight, Men",Men,individual,1,1,Sugar Ray Leonard,Valery Limasov,https://www.olympedia.org/results/24621
result-24581,24581,1976 Summer Olympics,19,1976,Montreal,Boxing,"Lightweight, Men",Men,individual,1,1,"Howard Davis, Jr.",Vasily Solomin,https://www.olympedia.org/results/24581
result-24746,24746,1976 Summer Olympics,19,1976,Montreal,Boxing,"Middleweight, Men",Men,individual,1,1,Michael Spinks,Rufat Riskiyev,https://www.olympedia.org/results/24746
result-24669,24669,1976 Summer Olympics,19,1976,Montreal,Boxing,"Welterweight, Men",Men,individual,1,1,Clint Jackson,Valery Rachkov,https://www.olympedia.org/results/24669
result-100009,100009,1976 Summer Olympics,19,1976,Montreal,Fencing,"Foil, Individual, Men",Men,individual,3,3,Ed Ballinger | Ed Donofrio | Marty Lang,Aleksandr Romankov | Vasily Stankovich | Vladimir Denisov,https://www.olympedia.org/results/100009
result-102704,102704,1976 Summer Olympics,19,1976,Montreal,Fencing,"Foil, Individual, Women",Women,individual,3,3,Ann O'Donnell | Nikki Franke | Sheila Armstrong,Olga Knyazeva | Valentina Sidorova | Yelena Belova,https://www.olympedia.org/results/102704
result-100738,100738,1976 Summer Olympics,19,1976,Montreal,Fencing,"Sabre, Individual, Men",Men,individual,4,3,Paul Apostol | Peter Westbrook | Stephen Kaplan | Tom Losonczy,Viktor Krovopuskov | Viktor Sidyak | Vladimir Nazlymov,https://www.olympedia.org/results/100738
result-100375,100375,1976 Summer Olympics,19,1976,Montreal,Fencing,"Épée, Individual, Men",Men,individual,3,3,Brooke Makler | George Masin | Scotty Bozek,Aleksandr Abushakhmetov | Aleksandr Bykov | Boris Lukomsky,https://www.olympedia.org/results/100375
result-34572,34572,1976 Summer Olympics,19,1976,Montreal,Handball,"Handball, Men",Men,team,14,14,"Bob Sparks | Harry Winkler, Jr. | Jerry Glantz | Jim Rogers | Kevin Serrapede | Patrick O'Neill | Peter Buehning, Jr. | Randy Dean | Richard Abrahamson | Robert Dean | Roger Baker | Sandor Rivnyak | Vincent DiCalogero | William Johnson",Aleksandr Rezanov | Aleksandre Anp'ilogovi | Anatoly Fedyukin | Mikhail Ishchenko | Nikolay Tomin | Sergey Kushniryuk | Valery Gassy | Vasily Ilyin | Vladimir Kravtsov | Vladimir Maksimov | Yevgeny Chernyshov | Yury Kidyayev | Yury Klimov | Yury Lagutin,https://www.olympedia.org/results/34572
result-15591,15591,1976 Summer Olympics,19,1976,Montreal,Judo,"Half-Heavyweight, Men",Men,individual,1,1,Tommy Martin,Ramaz Kharshiladze,https://www.olympedia.org/results/15591
result-15492,15492,1976 Summer Olympics,19,1976,Montreal,Judo,"Half-Middleweight, Men",Men,individual,1,1,Pat Burris,Vladimir Nevzorov,https://www.olympedia.org/results/15492
result-15646,15646,1976 Summer Olympics,19,1976,Montreal,Judo,"Heavyweight, Men",Men,individual,1,1,Allen Coage,Sergey Novikov,https://www.olympedia.org/results/15646
result-15442,15442,1976 Summer Olympics,19,1976,Montreal,Judo,"Lightweight, Men",Men,individual,1,1,Joe Bost,Oleg Zurabiani,https://www.olympedia.org/results/15442
result-15540,15540,1976 Summer Olympics,19,1976,Montreal,Judo,"Middleweight, Men",Men,individual,1,1,Teimoc Jonston-Ono,Valery Dvoynikov,https://www.olympedia.org/results/15540
result-15684,15684,1976 Summer Olympics,19,1976,Montreal,Judo,"Open Class, Men",Men,individual,1,1,Jimmy Wooley,Shota Chochishvili,https://www.olympedia.org/results/15684
result-127331,127331,1976 Summer Olympics,19,1976,Montreal,Wrestling,"Bantamweight, Freestyle, Men",Men,individual,1,1,Joe Corso,Vladimir Yumin,https://www.olympedia.org/results/127331
result-127755,127755,1976 Summer Olympics,19,1976,Montreal,Wrestling,"Bantamweight, Greco-Roman, Men",Men,individual,1,1,Joe Sade,Farkhat Mustafin,https://www.olympedia.org/results/127755
result-127382,127382,1976 Summer Olympics,19,1976,Montreal,Wrestling,"Featherweight, Freestyle, Men",Men,individual,1,1,Gene Davis,Sergey Timofeyev,https://www.olympedia.org/results/127382
result-127799,127799,1976 Summer Olympics,19,1976,Montreal,Wrestling,"Featherweight, Greco-Roman, Men",Men,individual,1,1,Gary Alexander,Nelson Davidyan,https://www.olympedia.org/results/127799
result-127289,127289,1976 Summer Olympics,19,1976,Montreal,Wrestling,"Flyweight, Freestyle, Men",Men,individual,1,1,James Haines,Aleksandr Ivanov,https://www.olympedia.org/results/127289
result-127720,127720,1976 Summer Olympics,19,1976,Montreal,Wrestling,"Flyweight, Greco-Roman, Men",Men,individual,1,1,Bruce Thompson,Vitaly Konstantinov,https://www.olympedia.org/results/127720
result-127614,127614,1976 Summer Olympics,19,1976,Montreal,Wrestling,"Heavyweight, Freestyle, Men",Men,individual,1,1,Russ Hellickson,Ivan Yarygin,https://www.olympedia.org/results/127614
result-128000,128000,1976 Summer Olympics,19,1976,Montreal,Wrestling,"Heavyweight, Greco-Roman, Men",Men,individual,1,1,Brad Rheingans,Nikolay Balboshin,https://www.olympedia.org/results/128000
result-127248,127248,1976 Summer Olympics,19,1976,Montreal,Wrestling,"Light-Flyweight, Freestyle, Men",Men,individual,1,1,Billy Rosado,Roman Dmitriyev,https://www.olympedia.org/results/127248
result-127684,127684,1976 Summer Olympics,19,1976,Montreal,Wrestling,"Light-Flyweight, Greco-Roman, Men",Men,individual,1,1,Mike Farina,Aleksey Shumakov,https://www.olympedia.org/results/127684
result-127565,127565,1976 Summer Olympics,19,1976,Montreal,Wrestling,"Light-Heavyweight, Freestyle, Men",Men,individual,1,1,Ben Peterson,Levan Tediashvili,https://www.olympedia.org/results/127565
result-127969,127969,1976 Summer Olympics,19,1976,Montreal,Wrestling,"Light-Heavyweight, Greco-Roman, Men",Men,individual,1,1,James Johnson,Valery Rezantsev,https://www.olympedia.org/results/127969
result-127425,127425,1976 Summer Olympics,19,1976,Montreal,Wrestling,"Lightweight, Freestyle, Men",Men,individual,1,1,Butch Keaser,Pavel Pinigin,https://www.olympedia.org/results/127425
result-127843,127843,1976 Summer Olympics,19,1976,Montreal,Wrestling,"Lightweight, Greco-Roman, Men",Men,individual,1,1,Pat Marcy,Suren Nalbandyan,https://www.olympedia.org/results/127843
result-127524,127524,1976 Summer Olympics,19,1976,Montreal,Wrestling,"Middleweight, Freestyle, Men",Men,individual,1,1,John Peterson,Viktor Novozhilov,https://www.olympedia.org/results/127524
result-127929,127929,1976 Summer Olympics,19,1976,Montreal,Wrestling,"Middleweight, Greco-Roman, Men",Men,individual,1,1,Dan Chandler,Vladimir Cheboksarov,https://www.olympedia.org/results/127929
result-127646,127646,1976 Summer Olympics,19,1976,Montreal,Wrestling,"Super-Heavyweight, Freestyle, Men",Men,individual,1,1,Jimmy Jackson,Soslan Andiyev,https://www.olympedia.org/results/127646
result-128030,128030,1976 Summer Olympics,19,1976,Montreal,Wrestling,"Super-Heavyweight, Greco-Roman, Men",Men,individual,1,1,Pete Lee,Aleksandr Kolchinsky,https://www.olympedia.org/results/128030
result-127478,127478,1976 Summer Olympics,19,1976,Montreal,Wrestling,"Welterweight, Freestyle, Men",Men,individual,1,1,Stan Dziedzic,Ruslan Ashuraliyev,https://www.olympedia.org/results/127478
result-127889,127889,1976 Summer Olympics,19,1976,Montreal,Wrestling,"Welterweight, Greco-Roman, Men",Men,individual,1,1,John Matthews,Anatoly Bykov,https://www.olympedia.org/results/127889
result-32646,32646,1988 Summer Olympics,22,1988,Seoul,Basketball,"Basketball, Men",Men,team,12,12,"Bimbo Coles | Charles D. Smith | Charles E. Smith, IV | Dan Majerle | Danny Manning | David Robinson | Hersey Hawkins | J. R. Reid | Jeff Grayer | Mitch Richmond | Stacey Augmon | Willie Anderson",Aleksandr Belostenny | Aleksandr Volkov | Arvydas Sabonis | Igors Miglinieks | Rimas Kurtinaitis | Sergey Tarakanov | Tiit Sokk | Valdemaras Chomičius | Valery Goborov | Valery Tikhonenko | Viktor Pankrashkin | Šarūnas Marčiulionis,https://www.olympedia.org/results/32646
result-32701,32701,1988 Summer Olympics,22,1988,Seoul,Basketball,"Basketball, Women",Women,team,12,12,Andrea Lloyd | Anne Donovan | Bridgette Gordon | Cindy Brown | Cynthia Cooper | Jennifer Gillom | Kamie Ethridge | Katrina McClain | Suzie McConnell | Teresa Edwards | Teresa Weatherspoon | Vicky Bullett,Aleksandra Leonova | Galina Savitskaya | Irina Gerlits | Irina Minkh | Irina Sumnikova | Nataliya Zasulskaya | Olesya Barel | Olga Buryakina | Olga Yakovleva | Olga Yevkova | Vitalija Tuomaitė | Yelena Khudashova,https://www.olympedia.org/results/32701
result-25670,25670,1988 Summer Olympics,22,1988,Seoul,Boxing,"Bantamweight, Men",Men,individual,1,1,Kennedy McKinney,Aleksandr Artemyev,https://www.olympedia.org/results/25670
result-25725,25725,1988 Summer Olympics,22,1988,Seoul,Boxing,"Featherweight, Men",Men,individual,1,1,Kelcie Banks,Mekhak Ghazaryan,https://www.olympedia.org/results/25725
result-25620,25620,1988 Summer Olympics,22,1988,Seoul,Boxing,"Flyweight, Men",Men,individual,1,1,Arthur Johnson,Timofei Scriabin,https://www.olympedia.org/results/25620
result-26044,26044,1988 Summer Olympics,22,1988,Seoul,Boxing,"Heavyweight, Men",Men,individual,1,1,Ray Mercer,Ramzan Sebiyev,https://www.olympedia.org/results/26044
result-25579,25579,1988 Summer Olympics,22,1988,Seoul,Boxing,"Light-Flyweight, Men",Men,individual,1,1,Michael Carbajal,Aleksandr Makhmutov,https://www.olympedia.org/results/25579
result-26012,26012,1988 Summer Olympics,22,1988,Seoul,Boxing,"Light-Heavyweight, Men",Men,individual,1,1,Andrew Maynard,Nurmagomed Shanavazov,https://www.olympedia.org/results/26012
result-25929,25929,1988 Summer Olympics,22,1988,Seoul,Boxing,"Light-Middleweight, Men",Men,individual,1,1,"Roy Jones, Jr.",Yevgeny Zaytsev,https://www.olympedia.org/results/25929
result-25824,25824,1988 Summer Olympics,22,1988,Seoul,Boxing,"Light-Welterweight, Men",Men,individual,1,1,Todd Foster,Vyacheslav Yanovsky,https://www.olympedia.org/results/25824
result-25779,25779,1988 Summer Olympics,22,1988,Seoul,Boxing,"Lightweight, Men",Men,individual,1,1,Romallis Ellis,Kostya Tszyu,https://www.olympedia.org/results/25779
result-25972,25972,1988 Summer Olympics,22,1988,Seoul,Boxing,"Middleweight, Men",Men,individual,1,1,Anthony Hembrick,Ruslan Taramov,https://www.olympedia.org/results/25972
result-26067,26067,1988 Summer Olympics,22,1988,Seoul,Boxing,"Super-Heavyweight, Men",Men,individual,1,1,Riddick Bowe,Alex Miroshnichenko,https://www.olympedia.org/results/26067
result-25879,25879,1988 Summer Olympics,22,1988,Seoul,Boxing,"Welterweight, Men",Men,individual,1,1,Kenny Gould,Vladimir Yereshchenko,https://www.olympedia.org/results/25879
result-108488,108488,1988 Summer Olympics,22,1988,Seoul,Fencing,"Foil, Individual, Men",Men,individual,3,3,Dave Littell | Mike Marx | Peter Lewison,Aleksandr Romankov | Boris Koretsky | Ilgar Mamedov,https://www.olympedia.org/results/108488
result-111376,111376,1988 Summer Olympics,22,1988,Seoul,Fencing,"Foil, Individual, Women",Women,individual,3,3,Caitlin Bilodeaux | Mary O'Neill | Sharon Monplaisir,Olga Voshchakina | Tatyana Sadovskaya | Yelena Glikina,https://www.olympedia.org/results/111376
result-109473,109473,1988 Summer Olympics,22,1988,Seoul,Fencing,"Sabre, Individual, Men",Men,individual,3,3,Mike Lofton | Peter Westbrook | Steve Mormando,Andrey Alshan | Georgy Pogosov | Sergey Mindirgasov,https://www.olympedia.org/results/109473
result-108952,108952,1988 Summer Olympics,22,1988,Seoul,Fencing,"Épée, Individual, Men",Men,individual,3,3,Rob Stull | Robert Marx | Stephen Trevor,Andrey Shuvalov | Mikhail Tishko | Vladimir Reznichenko,https://www.olympedia.org/results/108952
result-34016,34016,1988 Summer Olympics,22,1988,Seoul,Football,"Football, Men",Men,team,20,20,Brent Goulet | Brian Bliss | Bruce Murray | David Vanole | Desmond Armstrong | Eric Eichmann | Frank Klopas | Jeff Duback | Jim Gabarra | John Doyle | John Harkes | John Stollmeyer | Kevin Crow | Mike Windischmann | Paul Caligiuri | Paul Krumpe | Peter Vermes | Ricky Davis | Steve Trittschuh | Tab Ramos,Aleksandr Borodyuk | Aleksey Cherednik | Aleksey Mikhaylichenko | Aleksey Prudnikov | Arminas Narbekovas | Arvydas Janonis | Dmitry Kharin | Gela K'et'ashvili | Igor Doborovolsky | Igor Ponomaryov | Igor Sklyarov | Sergey Fokin | Sergey Gorlukovich | Vadim Tishchenko | Viktor Losev | Vladimir Lyuty | Vladimir Tatarchuk | Yevgeny Kuznetsov | Yevgeny Yarovenko | Yury Savichev,https://www.olympedia.org/results/34016
result-34742,34742,1988 Summer Olympics,22,1988,Seoul,Handball,"Handball, Men",Men,team,15,15,"Bill Kessler | Boyd Janny | Brian Bennett | Bryant Johnson | Craig Fitschen | Jim Buehning | Joe McVein | Joe Story | Michael Sullivan | Pete Lash, Jr. | Robert Hillery | Rod Oshita | Scott Driggers | Steve Goss | Steve Kirk",Aleksandr Karshakevich | Aleksandr Rymanov | Aleksandr Tuchkin | Andrey Lavrov | Andrey Tyumentsev | Georgy Sviridenko | Igor Chumak | Konstantin Sharovarov | Leonid Dorochenko | Mikhail Vasilyev | Valdemaras Novickis | Valery Gopin | Vyacheslav Atavin | Yury Nesterov | Yury Shevtsov,https://www.olympedia.org/results/34742
result-34783,34783,1988 Summer Olympics,22,1988,Seoul,Handball,"Handball, Women",Women,team,15,15,Amy Gamble | Angie Raynor | Carol Peterka | Cindy Stinger | Karyn Palgut | Kathy Callaghan | Kim Clarke | Laura Coenen | Maureen Latterner | Megan Gallagher | Penny Stone | Portia Lack | Sam Jones | Sandra De La Riva | Sherry Winn,Elina Guseva | Larisa Karlova | Marina Bazanova | Nataliya Anisimova | Nataliya Lapitskaya | Nataliya Mitryuk | Nataliya Morskova | Nataliya Rusnachenko | Olga Semyonova | Svetlana Mankova | Tatyana Dzhandzhgava | Tatyana Gorb | Yelena Nemashkalo | Yevgeniya Tovstogan | Zinaida Turchina,https://www.olympedia.org/results/34783
result-16446,16446,1988 Summer Olympics,22,1988,Seoul,Judo,"Extra-Lightweight, Men",Men,individual,1,1,Kevin Asano,Amiran T'ot'ik'ashvili,https://www.olympedia.org/results/16446
result-16754,16754,1988 Summer Olympics,22,1988,Seoul,Judo,"Half-Heavyweight, Men",Men,individual,1,1,Bob Berland,Viktor Poddubny,https://www.olympedia.org/results/16754
result-16505,16505,1988 Summer Olympics,22,1988,Seoul,Judo,"Half-Lightweight, Men",Men,individual,1,1,Joe Marchal,Yury Sokolov,https://www.olympedia.org/results/16505
result-16634,16634,1988 Summer Olympics,22,1988,Seoul,Judo,"Half-Middleweight, Men",Men,individual,1,1,Jason Morris,Bashir Varayev,https://www.olympedia.org/results/16634
result-16794,16794,1988 Summer Olympics,22,1988,Seoul,Judo,"Heavyweight, Men",Men,individual,1,1,Steven Cohen,Grigory Verichev,https://www.olympedia.org/results/16794
result-16571,16571,1988 Summer Olympics,22,1988,Seoul,Judo,"Lightweight, Men",Men,individual,1,1,Mike Swain,Giorgi Tenadze,https://www.olympedia.org/results/16571
result-16697,16697,1988 Summer Olympics,22,1988,Seoul,Judo,"Middleweight, Men",Men,individual,1,1,Rene Capo,Vladimir Shestakov,https://www.olympedia.org/results/16697
result-47065,47065,1988 Summer Olympics,22,1988,Seoul,Table Tennis,"Doubles, Women",Women,team,2,2,Diana Gee | Insook Bhushan,Flyura Bulatova | Olena Kovtun,https://www.olympedia.org/results/47065
result-46500,46500,1988 Summer Olympics,22,1988,Seoul,Table Tennis,"Singles, Men",Men,individual,1,1,Sean O'Neill,Andrey Mazunov,https://www.olympedia.org/results/46500
result-46903,46903,1988 Summer Olympics,22,1988,Seoul,Table Tennis,"Singles, Women",Women,individual,2,3,Diana Gee | Insook Bhushan,Flyura Bulatova | Olena Kovtun | Valentina Popova,https://www.olympedia.org/results/46903
result-45106,45106,1988 Summer Olympics,22,1988,Seoul,Tennis,"Doubles, Men",Men,team,2,2,Ken Flach | Robert Seguso,Aleksandr Volkov | Andrey Olkhovsky,https://www.olympedia.org/results/45106
result-45211,45211,1988 Summer Olympics,22,1988,Seoul,Tennis,"Doubles, Women",Women,team,2,2,Pam Shriver | Zina Garrison,Larisa  Savčenko | Natasha Zverava,https://www.olympedia.org/results/45211
result-45037,45037,1988 Summer Olympics,22,1988,Seoul,Tennis,"Singles, Men",Men,individual,3,3,Brad Gilbert | Robert Seguso | Tim Mayotte,Aleksandr Volkov | Andrey Cherkasov | Andrey Chesnokov,https://www.olympedia.org/results/45037
result-45142,45142,1988 Summer Olympics,22,1988,Seoul,Tennis,"Singles, Women",Women,individual,3,3,Chris Evert | Pam Shriver | Zina Garrison,Larisa  Savčenko | Leila Meskhi | Natasha Zverava,https://www.olympedia.org/results/45142
result-37404,37404,1988 Summer Olympics,22,1988,Seoul,Volleyball,"Volleyball, Men",Men,team,12,12,Bob Ctvrtlik | Craig Buck | Dave Saunders | Doug Partie | Eric Sato | Jeff Stork | Jon Root | Karch Kiraly | Ricci Luyties | Scott Fortune | Steve Timmons | Troy Tanner,Aleksandr Sorokolet | Andrey Kuznetsov | Igor Runov | Raimonds Vilde | Valery Losev | Vladimir Shkurikhin | Vyacheslav Zaytsev | Yaroslav Antonov | Yevgeny Krasilnikov | Yury Cherednik | Yury Panchenko | Yury Sapega,https://www.olympedia.org/results/37404
result-37454,37454,1988 Summer Olympics,22,1988,Seoul,Volleyball,"Volleyball, Women",Women,team,12,12,Angela Rock | Caren Kemner | Deitre Collins | Jayne McHugh | Keba Phipps | Kim Oden | Kim Ruddins | Laurel Kessel | Liane Sato | Liz Masakayan | Melissa McLinden | Tammy Webb,Irina Parkhomchuk | Irina Smirnova | Marina Kumysh | Marina Nikulina | Olga Krivosheyeva | Olga Shkurnova | Svetlana Korytova | Tatyana Kraynova | Tatyana Sidorenko | Valentina Ogiyenko | Yelena Ovchinnikova | Yelena Volkova,https://www.olympedia.org/results/37454
result-38727,38727,1988 Summer Olympics,22,1988,Seoul,Water Polo,"Water Polo, Men",Men,team,13,13,Alan Mouchawar | Chris Duplanty | Craig Klass | Craig Wilson | Doug Kimbell | Greg Boyer | James Bergeson | Jeff Campbell | Jody Campbell | Kevin Robertson | Mike Evans | Peter Campbell | Terry Schroeder,Aleksandr Kolotov | Dmitry Apanasenko | Giorgi Mshvenieradze | Mikhail Ivanov | Mikheil Giorgadze | Nikolay Smirnov | Nurlan Mendygaliyev | Sergey Kotenko | Sergey Naumov | Serghei Marcoci | Viktor Berendyuga | Yevgeny Grishin | Yevgeny Sharonov,https://www.olympedia.org/results/38727
result-129703,129703,1988 Summer Olympics,22,1988,Seoul,Wrestling,"Bantamweight, Freestyle, Men",Men,individual,1,1,Barry Davis,Sergey Beloglazov,https://www.olympedia.org/results/129703
result-130374,130374,1988 Summer Olympics,22,1988,Seoul,Wrestling,"Bantamweight, Greco-Roman, Men",Men,individual,1,1,Anthony Amado,Aleksandr Shestakov,https://www.olympedia.org/results/130374
result-129773,129773,1988 Summer Olympics,22,1988,Seoul,Wrestling,"Featherweight, Freestyle, Men",Men,individual,1,1,John Smith,Stepan Sargsyan,https://www.olympedia.org/results/129773
result-130430,130430,1988 Summer Olympics,22,1988,Seoul,Wrestling,"Featherweight, Greco-Roman, Men",Men,individual,1,1,Ike Anderson,Kamandar Madzhydau,https://www.olympedia.org/results/130430
result-129626,129626,1988 Summer Olympics,22,1988,Seoul,Wrestling,"Flyweight, Freestyle, Men",Men,individual,1,1,Ken Chertow,Volodymyr Tohuzov,https://www.olympedia.org/results/129626
result-130312,130312,1988 Summer Olympics,22,1988,Seoul,Wrestling,"Flyweight, Greco-Roman, Men",Men,individual,1,1,Shawn Sheldon,Aleksandr Ignatenko,https://www.olympedia.org/results/130312
result-130167,130167,1988 Summer Olympics,22,1988,Seoul,Wrestling,"Heavyweight, Freestyle, Men",Men,individual,1,1,Bill Scherr,Leri Khabelovi,https://www.olympedia.org/results/130167
result-130729,130729,1988 Summer Olympics,22,1988,Seoul,Wrestling,"Heavyweight, Greco-Roman, Men",Men,individual,1,1,Dennis Koslowski,Guram Gedekhauri,https://www.olympedia.org/results/130729
result-129571,129571,1988 Summer Olympics,22,1988,Seoul,Wrestling,"Light-Flyweight, Freestyle, Men",Men,individual,1,1,Tim Vanni,Sergey Karamchakov,https://www.olympedia.org/results/129571
result-130271,130271,1988 Summer Olympics,22,1988,Seoul,Wrestling,"Light-Flyweight, Greco-Roman, Men",Men,individual,1,1,Mark Fuller,Məhyəddin Allahverdiyev,https://www.olympedia.org/results/130271
result-130094,130094,1988 Summer Olympics,22,1988,Seoul,Wrestling,"Light-Heavyweight, Freestyle, Men",Men,individual,1,1,Jim Scherr,Makharbek Khadartsev,https://www.olympedia.org/results/130094
result-130667,130667,1988 Summer Olympics,22,1988,Seoul,Wrestling,"Light-Heavyweight, Greco-Roman, Men",Men,individual,1,1,Mike Foy,Vladimir Popov,https://www.olympedia.org/results/130667
result-129845,129845,1988 Summer Olympics,22,1988,Seoul,Wrestling,"Lightweight, Freestyle, Men",Men,individual,1,1,Nate Carr,Arsen Fadzayev,https://www.olympedia.org/results/129845
result-130475,130475,1988 Summer Olympics,22,1988,Seoul,Wrestling,"Lightweight, Greco-Roman, Men",Men,individual,1,1,Andy Seras,Levon Julfalakyan,https://www.olympedia.org/results/130475
result-130015,130015,1988 Summer Olympics,22,1988,Seoul,Wrestling,"Middleweight, Freestyle, Men",Men,individual,1,1,Mark Schultz,Aleksandr Tambovtsev,https://www.olympedia.org/results/130015
result-130607,130607,1988 Summer Olympics,22,1988,Seoul,Wrestling,"Middleweight, Greco-Roman, Men",Men,individual,1,1,John Morgan,Mikhail Mamiashvili,https://www.olympedia.org/results/130607
result-130229,130229,1988 Summer Olympics,22,1988,Seoul,Wrestling,"Super-Heavyweight, Freestyle, Men",Men,individual,1,1,Bruce Baumgartner,Davit Gobejishvili,https://www.olympedia.org/results/130229
result-130789,130789,1988 Summer Olympics,22,1988,Seoul,Wrestling,"Super-Heavyweight, Greco-Roman, Men",Men,individual,1,1,Duane Koslowski,Aleksandr Karelin,https://www.olympedia.org/results/130789
result-129931,129931,1988 Summer Olympics,22,1988,Seoul,Wrestling,"Welterweight, Freestyle, Men",Men,individual,1,1,Kenny Monday,Adlan Varayev,https://www.olympedia.org/results/129931
result-130552,130552,1988 Summer Olympics,22,1988,Seoul,Wrestling,"Welterweight, Greco-Roman, Men",Men,individual,1,1,David Butler,Daulet Turlykhanov,https://www.olympedia.org/results/130552
