encounter_id,olympedia_result_id,olympedia_match_id,edition,edition_id,year,city,venue_location,sport,event,gender,encounter_type,round_raw,group_raw,stage_raw,stage_normalized,match_date_raw,usa_participant,usa_participant_raw,usa_athlete_id,ussr_participant,ussr_participant_raw,ussr_athlete_id,result_raw,score_raw,score_usa_first,usa_score,ussr_score,winner,outcome_class,winner_method,counts_for_pulse,source_url,match_source_url,source_local_file
olympedia-31971,31969,31971,1952 Summer Olympics,13,1952,Helsinki,"Messuhalli II, Helsinki / Tennispalatsi, Helsinki",Basketball,"Basketball, Men",Men,team,Final Round,,Final Round,Final,02 Aug 16:00,United States,United States,,Soviet Union,Soviet Union,,36 – 25,36 – 25,36 – 25,36,25,USA,USA_WIN,numeric_score,True,https://www.olympedia.org/results/31969,https://www.olympedia.org/results/31971,31969.html
olympedia-31990,31969,31990,1952 Summer Olympics,13,1952,Helsinki,"Messuhalli II, Helsinki / Tennispalatsi, Helsinki",Basketball,"Basketball, Men",Men,team,Group B,,Group B,Group B,28 Jul,United States,United States,,Soviet Union,Soviet Union,,86 – 58,86 – 58,86 – 58,86,58,USA,USA_WIN,numeric_score,True,https://www.olympedia.org/results/31969,https://www.olympedia.org/results/31990,31969.html
olympedia-22598,22596,22598,1952 Summer Olympics,13,1952,Helsinki,"Messuhalli I, Helsinki",Boxing,"Light-Welterweight, Men",Men,individual,Final Round,,Final Round,Final,02 Aug,Chuck Adkins,Chuck Adkins,8608,Viktor Mednov,Viktor Mednov,8518,Decision,Decision,,,,USA,USA_WIN,first_competitor_result,True,https://www.olympedia.org/results/22596,https://www.olympedia.org/results/22598,22596.html
olympedia-123175,123159,123175,1952 Summer Olympics,13,1952,Helsinki,"Messuhalli I, Helsinki / Messuhalli II, Helsinki",Wrestling,"Bantamweight, Freestyle, Men",Men,individual,Round Three,,Round Three,Round 3,22 Jul,Bill Borders,Bill Borders,60579,Rəşid Məmmədbəyov,Rəşid Məmmədbəyov,60501,Fall (10:40),Fall (10:40),,,,URS,URS_WIN,first_competitor_result,True,https://www.olympedia.org/results/123159,https://www.olympedia.org/results/123175,123159.html
olympedia-123221,123202,123221,1952 Summer Olympics,13,1952,Helsinki,"Messuhalli I, Helsinki / Messuhalli II, Helsinki",Wrestling,"Featherweight, Freestyle, Men",Men,individual,Round Four,,Round Four,Round 4,22 Jul,Joe Henson,Joe Henson,60658,Ibrahim Dadashev,Ibrahim Dadashev,60457,Decision (2-1),Decision (2-1),,,,USA,USA_WIN,first_competitor_result,True,https://www.olympedia.org/results/123202,https://www.olympedia.org/results/123221,123202.html
olympedia-123137,123126,123137,1952 Summer Olympics,13,1952,Helsinki,"Messuhalli I, Helsinki / Messuhalli II, Helsinki",Wrestling,"Flyweight, Freestyle, Men",Men,individual,Round Three,,Round Three,Round 3,22 Jul,Hugh Peery,Hugh Peery,60731,Georgy Sayadov,Georgy Sayadov,60528,Decision (3-0),Decision (3-0),,,,URS,URS_WIN,first_competitor_result,True,https://www.olympedia.org/results/123126,https://www.olympedia.org/results/123137,123126.html
olympedia-123405,123396,123405,1952 Summer Olympics,13,1952,Helsinki,"Messuhalli I, Helsinki / Messuhalli II, Helsinki",Wrestling,"Light-Heavyweight, Freestyle, Men",Men,individual,Round Four,,Round Four,Round 4,23 Jul,Henry Wittenberg,Henry Wittenberg,60801,August Englas,August Englas,60465,Decision (3-0),Decision (3-0),,,,USA,USA_WIN,first_competitor_result,True,https://www.olympedia.org/results/123396,https://www.olympedia.org/results/123405,123396.html
olympedia-123384,123355,123384,1952 Summer Olympics,13,1952,Helsinki,"Messuhalli I, Helsinki / Messuhalli II, Helsinki",Wrestling,"Middleweight, Freestyle, Men",Men,individual,Round Two,,Round Two,Round 2,21 Jul,Dan Hodge,Dan Hodge,60662,Davit Tsimak'uridze,Davit Tsimak'uridze,60552,Fall (5:58),Fall (5:58),,,,URS,URS_WIN,first_competitor_result,True,https://www.olympedia.org/results/123355,https://www.olympedia.org/results/123384,123355.html
olympedia-32046,32044,32046,1956 Summer Olympics,14,1956,Melbourne,"Royal Exhibition Building Annex, Melbourne, Victoria",Basketball,"Basketball, Men",Men,team,Final Round,,Final Round,Final,01 Dec,United States,United States,,Soviet Union,Soviet Union,,89 – 55,89 – 55,89 – 55,89,55,USA,USA_WIN,numeric_score,True,https://www.olympedia.org/results/32044,https://www.olympedia.org/results/32046,32044.html
olympedia-32068,32044,32068,1956 Summer Olympics,14,1956,Melbourne,"Royal Exhibition Building Annex, Melbourne, Victoria",Basketball,"Basketball, Men",Men,team,Group B,,Group B,Group B,29 Nov,United States,United States,,Soviet Union,Soviet Union,,85 – 55,85 – 55,85 – 55,85,55,USA,USA_WIN,numeric_score,True,https://www.olympedia.org/results/32044,https://www.olympedia.org/results/32068,32044.html
olympedia-22962,22960,22962,1956 Summer Olympics,14,1956,Melbourne,"West Melbourne Stadium, Melbourne, Victoria",Boxing,"Heavyweight, Men",Men,individual,Final Round,,Final Round,Final,01 Dec,Pete Rademacher,Pete Rademacher,8749,Lev Mukhin,Lev Mukhin,8521,Referee stops contest,Referee stops contest,,,,USA,USA_WIN,first_competitor_result,True,https://www.olympedia.org/results/22960,https://www.olympedia.org/results/22962,22960.html
olympedia-22949,22945,22949,1956 Summer Olympics,14,1956,Melbourne,"West Melbourne Stadium, Melbourne, Victoria",Boxing,"Light-Heavyweight, Men",Men,individual,Semi-Finals,,Semi-Finals,Semi-final,30 Nov,Jim Boyd,Jim Boyd,8626,Romualdas Murauskas,Romualdas Murauskas,8522,Decision,Decision,,,,USA,USA_WIN,first_competitor_result,True,https://www.olympedia.org/results/22945,https://www.olympedia.org/results/22949,22945.html
olympedia-922116,86748,922116,1956 Summer Olympics,14,1956,Melbourne,"Town Hall, St. Kilda, Victoria",Fencing,"Foil, Individual, Men",Men,individual,Round One,Pool #1,Round One / Pool #1,Round 1 / Pool 1,26 Nov,Hal Goldsmith,Hal Goldsmith,23712,Yury Rudov,Yury Rudov,23598,5 – 2,5 – 2,2 – 5,2,5,URS,URS_WIN,numeric_score,True,https://www.olympedia.org/results/86748,https://www.olympedia.org/results/922116,86748.html
olympedia-922138,86748,922138,1956 Summer Olympics,14,1956,Melbourne,"Town Hall, St. Kilda, Victoria",Fencing,"Foil, Individual, Men",Men,individual,Round One,Pool #2,Round One / Pool #2,Round 1 / Pool 2,26 Nov,Albie Axelrod,Albie Axelrod,23652,Iuri Osip'ovi,Iuri Osip'ovi,23589,5 – 3,5 – 3,3 – 5,3,5,URS,URS_WIN,numeric_score,True,https://www.olympedia.org/results/86748,https://www.olympedia.org/results/922138,86748.html
olympedia-922072,86748,922072,1956 Summer Olympics,14,1956,Melbourne,"Town Hall, St. Kilda, Victoria",Fencing,"Foil, Individual, Men",Men,individual,Semi-Finals,Pool #1,Semi-Finals / Pool #1,Semi-final,26 Nov,Albie Axelrod,Albie Axelrod,23652,Mark Midler,Mark Midler,23583,5 – 2,5 – 2,2 – 5,2,5,URS,URS_WIN,numeric_score,True,https://www.olympedia.org/results/86748,https://www.olympedia.org/results/922072,86748.html
olympedia-922073,86748,922073,1956 Summer Olympics,14,1956,Melbourne,"Town Hall, St. Kilda, Victoria",Fencing,"Foil, Individual, Men",Men,individual,Semi-Finals,Pool #1,Semi-Finals / Pool #1,Semi-final,26 Nov,Albie Axelrod,Albie Axelrod,23652,Yury Rudov,Yury Rudov,23598,5 – 4,5 – 4,4 – 5,4,5,URS,URS_WIN,numeric_score,True,https://www.olympedia.org/results/86748,https://www.olympedia.org/results/922073,86748.html
olympedia-922546,86883,922546,1956 Summer Olympics,14,1956,Melbourne,"Town Hall, St. Kilda, Victoria",Fencing,"Foil, Individual, Women",Women,individual,Round One,Pool #1,Round One / Pool #1,Round 1 / Pool 1,29 Nov,Maxine Mitchell,Maxine Mitchell,21009,Emma Yefimova,Emma Yefimova,20965,4 – 1,4 – 1,1 – 4,1,4,URS,URS_WIN,numeric_score,True,https://www.olympedia.org/results/86883,https://www.olympedia.org/results/922546,86883.html
olympedia-922577,86883,922577,1956 Summer Olympics,14,1956,Melbourne,"Town Hall, St. Kilda, Victoria",Fencing,"Foil, Individual, Women",Women,individual,Round One,Pool #2,Round One / Pool #2,Round 1 / Pool 2,29 Nov,Jan Romary,Jan Romary,21021,Nadezhda Shitikova,Nadezhda Shitikova,20977,4 – 2,4 – 2,4 – 2,4,2,USA,USA_WIN,numeric_score,True,https://www.olympedia.org/results/86883,https://www.olympedia.org/results/922577,86883.html
olympedia-922609,86883,922609,1956 Summer Olympics,14,1956,Melbourne,"Town Hall, St. Kilda, Victoria",Fencing,"Foil, Individual, Women",Women,individual,Round One,Pool #3,Round One / Pool #3,Round 1 / Pool 3,29 Nov,Judy Goodrich,Judy Goodrich,21001,Valentina Rastvorova,Valentina Rastvorova,20973,4 – 1,4 – 1,1 – 4,1,4,URS,URS_WIN,numeric_score,True,https://www.olympedia.org/results/86883,https://www.olympedia.org/results/922609,86883.html
olympedia-922529,86883,922529,1956 Summer Olympics,14,1956,Melbourne,"Town Hall, St. Kilda, Victoria",Fencing,"Foil, Individual, Women",Women,individual,Semi-Finals,Pool #1,Semi-Finals / Pool #1,Semi-final,29 Nov,Maxine Mitchell,Maxine Mitchell,21009,Emma Yefimova,Emma Yefimova,20965,4 – 0,4 – 0,0 – 4,0,4,URS,URS_WIN,numeric_score,True,https://www.olympedia.org/results/86883,https://www.olympedia.org/results/922529,86883.html
olympedia-86793,86781,86793,1956 Summer Olympics,14,1956,Melbourne,"Town Hall, St. Kilda, Victoria",Fencing,"Sabre, Individual, Men",Men,individual,Quarter-Finals,"Pool #4, Barrage 3-5","Quarter-Finals / Pool #4, Barrage 3-5",Quarter-final,05 Dec,George Worth,George Worth,23822,Lev Kuznetsov,Lev Kuznetsov,23576,1 – 1,1 – 1,1 – 1,1,1,DRAW,DRAW,numeric_score,True,https://www.olympedia.org/results/86781,https://www.olympedia.org/results/86793,86781.html
olympedia-922349,86762,922349,1956 Summer Olympics,14,1956,Melbourne,"Town Hall, St. Kilda, Victoria",Fencing,"Épée, Individual, Men",Men,individual,Quarter-Finals,Pool #2,Quarter-Finals / Pool #2,Quarter-final,30 Nov,Kin Hoitsma,Kin Hoitsma,23719,Arnold Chernushevich,Arnold Chernushevich,23612,5 – 3,5 – 3,5 – 3,5,3,USA,USA_WIN,numeric_score,True,https://www.olympedia.org/results/86762,https://www.olympedia.org/results/922349,86762.html
olympedia-922400,86762,922400,1956 Summer Olympics,14,1956,Melbourne,"Town Hall, St. Kilda, Victoria",Fencing,"Épée, Individual, Men",Men,individual,Round One,Pool #1,Round One / Pool #1,Round 1 / Pool 1,30 Nov,Skip Shurtz,Skip Shurtz,23797,Arnold Chernushevich,Arnold Chernushevich,23612,5 – 3,5 – 3,3 – 5,3,5,URS,URS_WIN,numeric_score,True,https://www.olympedia.org/results/86762,https://www.olympedia.org/results/922400,86762.html
olympedia-922474,86762,922474,1956 Summer Olympics,14,1956,Melbourne,"Town Hall, St. Kilda, Victoria",Fencing,"Épée, Individual, Men",Men,individual,Round One,Pool #4,Round One / Pool #4,Round 1 / Pool 4,30 Nov,Kin Hoitsma,Kin Hoitsma,23719,Juozas Udras,Juozas Udras,23618,5 – 3,5 – 3,5 – 3,5,3,USA,USA_WIN,numeric_score,True,https://www.olympedia.org/results/86762,https://www.olympedia.org/results/922474,86762.html
olympedia-38313,38305,38313,1956 Summer Olympics,14,1956,Melbourne,"Olympic Park Swimming and Diving Stadium, Melbourne, Victoria",Water Polo,"Water Polo, Men",Men,team,Final Round,,Final Round,Final,05 Dec 16:40,United States,United States,,Soviet Union,Soviet Union,,3 – 1,3 – 1,1 – 3,1,3,URS,URS_WIN,numeric_score,True,https://www.olympedia.org/results/38305,https://www.olympedia.org/results/38313,38305.html
olympedia-123768,123743,123768,1956 Summer Olympics,14,1956,Melbourne,"Royal Exhibition Building, Melbourne, Victoria",Wrestling,"Flyweight, Freestyle, Men",Men,individual,Round One,,Round One,Round 1,28 Nov,Dick Delgado,Dick Delgado,60609,Mirian Tsalkalamanidze,Mirian Tsalkalamanidze,60550,Decision (3-0),Decision (3-0),,,,URS,URS_WIN,first_competitor_result,True,https://www.olympedia.org/results/123743,https://www.olympedia.org/results/123768,123743.html
olympedia-123939,123936,123939,1956 Summer Olympics,14,1956,Melbourne,"Royal Exhibition Building, Melbourne, Victoria",Wrestling,"Light-Heavyweight, Freestyle, Men",Men,individual,Round Six,,Round Six,Round Six,01 Dec,Pete Blair,Pete Blair,60576,Boris Kulayev,Boris Kulayev,60497,Decision (3-0),Decision (3-0),,,,URS,URS_WIN,first_competitor_result,True,https://www.olympedia.org/results/123936,https://www.olympedia.org/results/123939,123936.html
olympedia-123902,123901,123902,1956 Summer Olympics,14,1956,Melbourne,"Royal Exhibition Building, Melbourne, Victoria",Wrestling,"Middleweight, Freestyle, Men",Men,individual,Final Round,,Final Round,Final,01 Dec,Dan Hodge,Dan Hodge,60662,Giorgi Skhirt'ladze,Giorgi Skhirt'ladze,60539,Fall (11:00),Fall (11:00),,,,USA,USA_WIN,first_competitor_result,True,https://www.olympedia.org/results/123901,https://www.olympedia.org/results/123902,123901.html
olympedia-32134,32115,32134,1960 Summer Olympics,15,1960,Rome,"Palazzetto dello Sport, Roma / Palazzo dello Sport, Roma",Basketball,"Basketball, Men",Men,team,Group B,,Group B,Group B,03 Sep 23:00,United States,United States,,Soviet Union,Soviet Union,,81 – 57,81 – 57,81 – 57,81,57,USA,USA_WIN,numeric_score,True,https://www.olympedia.org/results/32115,https://www.olympedia.org/results/32134,32115.html
olympedia-23086,23053,23086,1960 Summer Olympics,15,1960,Rome,"Palazzo dello Sport, Roma",Boxing,"Featherweight, Men",Men,individual,Round One,,Round One,Round 1,26 Aug,Nick Spanakos,Nick Spanakos,8774,Boris Nikonorov,Boris Nikonorov,8525,Decision,Decision,,,,URS,URS_WIN,first_competitor_result,True,https://www.olympedia.org/results/23053,https://www.olympedia.org/results/23086,23053.html
olympedia-23273,23266,23273,1960 Summer Olympics,15,1960,Rome,"Palazzo dello Sport, Roma",Boxing,"Light-Heavyweight, Men",Men,individual,Quarter-Finals,,Quarter-Finals,Quarter-final,01 Sep,Cassius Clay,Cassius Clay,8643,Gennady Shatkov,Gennady Shatkov,8544,Decision,Decision,,,,USA,USA_WIN,first_competitor_result,True,https://www.olympedia.org/results/23266,https://www.olympedia.org/results/23273,23266.html
olympedia-23212,23208,23212,1960 Summer Olympics,15,1960,Rome,"Palazzo dello Sport, Roma",Boxing,"Light-Middleweight, Men",Men,individual,Semi-Finals,,Semi-Finals,Semi-final,03 Sep,Wilbert McClure,Wilbert McClure,8728,Boris Lagutin,Boris Lagutin,8514,Decision,Decision,,,,USA,USA_WIN,first_competitor_result,True,https://www.olympedia.org/results/23208,https://www.olympedia.org/results/23212,23208.html
olympedia-86898,86895,86898,1960 Summer Olympics,15,1960,Rome,"Palazzo dei Congressi, Roma",Fencing,"Foil, Individual, Men",Men,individual,Final Pool,,Final Pool,Final pool,30 Aug,Albie Axelrod,Albie Axelrod,23652,Viktor Zhdanovich,Viktor Zhdanovich,23604,5 – 2,5 – 2,2 – 5,2,5,URS,URS_WIN,numeric_score,True,https://www.olympedia.org/results/86895,https://www.olympedia.org/results/86898,86895.html
olympedia-86904,86895,86904,1960 Summer Olympics,15,1960,Rome,"Palazzo dei Congressi, Roma",Fencing,"Foil, Individual, Men",Men,individual,Final Pool,,Final Pool,Final pool,30 Aug,Albie Axelrod,Albie Axelrod,23652,Yury Sisikin,Yury Sisikin,23602,5 – 2,5 – 2,2 – 5,2,5,URS,URS_WIN,numeric_score,True,https://www.olympedia.org/results/86895,https://www.olympedia.org/results/86904,86895.html
olympedia-86910,86895,86910,1960 Summer Olympics,15,1960,Rome,"Palazzo dei Congressi, Roma",Fencing,"Foil, Individual, Men",Men,individual,Final Pool,,Final Pool,Final pool,30 Aug,Albie Axelrod,Albie Axelrod,23652,Mark Midler,Mark Midler,23583,5 – 2,5 – 2,5 – 2,5,2,USA,USA_WIN,numeric_score,True,https://www.olympedia.org/results/86895,https://www.olympedia.org/results/86910,86895.html
olympedia-86992,86895,86992,1960 Summer Olympics,15,1960,Rome,"Palazzo dei Congressi, Roma",Fencing,"Foil, Individual, Men",Men,individual,Quarter-Finals,Pool #2,Quarter-Finals / Pool #2,Quarter-final,30 Aug,Gene Glazer,Gene Glazer,23710,Mark Midler,Mark Midler,23583,5 – 1,5 – 1,1 – 5,1,5,URS,URS_WIN,numeric_score,True,https://www.olympedia.org/results/86895,https://www.olympedia.org/results/86992,86895.html
olympedia-87156,86895,87156,1960 Summer Olympics,15,1960,Rome,"Palazzo dei Congressi, Roma",Fencing,"Foil, Individual, Men",Men,individual,Round One,Pool #1,Round One / Pool #1,Round 1 / Pool 1,29 Aug,"Joseph Paletta, Jr.","Joseph Paletta, Jr.",23775,Mark Midler,Mark Midler,23583,5 – 4,5 – 4,5 – 4,5,4,USA,USA_WIN,numeric_score,True,https://www.olympedia.org/results/86895,https://www.olympedia.org/results/87156,86895.html
olympedia-87083,86895,87083,1960 Summer Olympics,15,1960,Rome,"Palazzo dei Congressi, Roma",Fencing,"Foil, Individual, Men",Men,individual,Round Two,Pool #3,Round Two / Pool #3,Round 2 / Pool 3,29 Aug,"Joseph Paletta, Jr.","Joseph Paletta, Jr.",23775,Viktor Zhdanovich,Viktor Zhdanovich,23604,5 – 0,5 – 0,0 – 5,0,5,URS,URS_WIN,numeric_score,True,https://www.olympedia.org/results/86895,https://www.olympedia.org/results/87083,86895.html
olympedia-86937,86895,86937,1960 Summer Olympics,15,1960,Rome,"Palazzo dei Congressi, Roma",Fencing,"Foil, Individual, Men",Men,individual,Semi-Finals,Pool #1,Semi-Finals / Pool #1,Semi-final,30 Aug,Albie Axelrod,Albie Axelrod,23652,Viktor Zhdanovich,Viktor Zhdanovich,23604,5 – 3,5 – 3,3 – 5,3,5,URS,URS_WIN,numeric_score,True,https://www.olympedia.org/results/86895,https://www.olympedia.org/results/86937,86895.html
olympedia-90092,89864,90092,1960 Summer Olympics,15,1960,Rome,"Palazzo dei Congressi, Roma",Fencing,"Foil, Individual, Women",Women,individual,Round One,Pool #5,Round One / Pool #5,Round 1 / Pool 5,31 Aug,Evelyn Terhune,Evelyn Terhune,21018,Valentina Rastvorova,Valentina Rastvorova,20973,4 – 2,4 – 2,2 – 4,2,4,URS,URS_WIN,numeric_score,True,https://www.olympedia.org/results/89864,https://www.olympedia.org/results/90092,89864.html
olympedia-90161,89864,90161,1960 Summer Olympics,15,1960,Rome,"Palazzo dei Congressi, Roma",Fencing,"Foil, Individual, Women",Women,individual,Round One,Pool #9,Round One / Pool #9,Round 1 / Pool 9,31 Aug,Harriet King,Harriet King,21004,Aleksandra Zabelina,Aleksandra Zabelina,20983,4 – 1,4 – 1,1 – 4,1,4,URS,URS_WIN,numeric_score,True,https://www.olympedia.org/results/89864,https://www.olympedia.org/results/90161,89864.html
olympedia-87965,87876,87965,1960 Summer Olympics,15,1960,Rome,"Palazzo dei Congressi, Roma",Fencing,"Sabre, Individual, Men",Men,individual,Quarter-Finals,Pool #1,Quarter-Finals / Pool #1,Quarter-final,08 Sep,Allan Kwartler,Allan Kwartler,23732,David Tyshler,David Tyshler,23614,5 – 0,5 – 0,0 – 5,0,5,URS,URS_WIN,numeric_score,True,https://www.olympedia.org/results/87876,https://www.olympedia.org/results/87965,87876.html
olympedia-87973,87876,87973,1960 Summer Olympics,15,1960,Rome,"Palazzo dei Congressi, Roma",Fencing,"Sabre, Individual, Men",Men,individual,Quarter-Finals,Pool #2,Quarter-Finals / Pool #2,Quarter-final,08 Sep,Alfonso Morales,Alfonso Morales,23761,Yakov Rylsky,Yakov Rylsky,23600,5 – 2,5 – 2,2 – 5,2,5,URS,URS_WIN,numeric_score,True,https://www.olympedia.org/results/87876,https://www.olympedia.org/results/87973,87876.html
olympedia-88103,87876,88103,1960 Summer Olympics,15,1960,Rome,"Palazzo dei Congressi, Roma",Fencing,"Sabre, Individual, Men",Men,individual,Round Two,Pool #6,Round Two / Pool #6,Round 2 / Pool 6,07 Sep,Allan Kwartler,Allan Kwartler,23732,David Tyshler,David Tyshler,23614,5 – 1,5 – 1,1 – 5,1,5,URS,URS_WIN,numeric_score,True,https://www.olympedia.org/results/87876,https://www.olympedia.org/results/88103,87876.html
olympedia-124257,124250,124257,1960 Summer Olympics,15,1960,Rome,"Basilica di Massenzio, Roma",Wrestling,"Bantamweight, Freestyle, Men",Men,individual,Round Five,,Round Five,Round Five,06 Sep,Terry McCann,Terry McCann,60705,Mikhail Shakhov,Mikhail Shakhov,60535,Fall (0:48),Fall (0:48),,,,USA,USA_WIN,first_competitor_result,True,https://www.olympedia.org/results/124250,https://www.olympedia.org/results/124257,124250.html
olympedia-124220,124208,124220,1960 Summer Olympics,15,1960,Rome,"Basilica di Massenzio, Roma",Wrestling,"Flyweight, Freestyle, Men",Men,individual,Round Four,,Round Four,Round 4,05 Sep,Gray Simons,Gray Simons,60762,Ali Aliyev,Ali Aliyev,60442,Decision,Decision,,,,USA,USA_WIN,first_competitor_result,True,https://www.olympedia.org/results/124208,https://www.olympedia.org/results/124220,124208.html
olympedia-124588,124567,124588,1960 Summer Olympics,15,1960,Rome,"Basilica di Massenzio, Roma",Wrestling,"Flyweight, Greco-Roman, Men",Men,individual,Round Two,,Round Two,Round 2,27 Aug,Dick Wilson,Dick Wilson,60798,Ivan Kochergin,Ivan Kochergin,60494,Draw,Draw,,,,DRAW,DRAW,explicit_draw,True,https://www.olympedia.org/results/124567,https://www.olympedia.org/results/124588,124567.html
olympedia-124491,124486,124491,1960 Summer Olympics,15,1960,Rome,"Basilica di Massenzio, Roma",Wrestling,"Light-Heavyweight, Freestyle, Men",Men,individual,Round Five,,Round Five,Round Five,06 Sep,Dan Brand,Dan Brand,60581,Anatoly Albul,Anatoly Albul,60441,Decision,Decision,,,,URS,URS_WIN,first_competitor_result,True,https://www.olympedia.org/results/124486,https://www.olympedia.org/results/124491,124486.html
olympedia-124904,124873,124904,1960 Summer Olympics,15,1960,Rome,"Basilica di Massenzio, Roma",Wrestling,"Light-Heavyweight, Greco-Roman, Men",Men,individual,Round One,,Round One,Round 1,26 Aug,Howard George,Howard George,60639,Givi K'art'ozia,Givi K'art'ozia,60484,Decision,Decision,,,,URS,URS_WIN,first_competitor_result,True,https://www.olympedia.org/results/124873,https://www.olympedia.org/results/124904,124873.html
olympedia-124360,124345,124360,1960 Summer Olympics,15,1960,Rome,"Basilica di Massenzio, Roma",Wrestling,"Lightweight, Freestyle, Men",Men,individual,Round Four,,Round Four,Round 4,05 Sep,Shelby Wilson,Shelby Wilson,60799,Vladimir Sinyavsky,Vladimir Sinyavsky,60533,Decision,Decision,,,,USA,USA_WIN,first_competitor_result,True,https://www.olympedia.org/results/124345,https://www.olympedia.org/results/124360,124345.html
olympedia-124739,124713,124739,1960 Summer Olympics,15,1960,Rome,"Basilica di Massenzio, Roma",Wrestling,"Lightweight, Greco-Roman, Men",Men,individual,Round Two,,Round Two,Round 2,27 Aug,Ben Northrup,Ben Northrup,60726,Avtandil Koridze,Avtandil Koridze,60492,Decision,Decision,,,,URS,URS_WIN,first_competitor_result,True,https://www.olympedia.org/results/124713,https://www.olympedia.org/results/124739,124713.html
olympedia-124463,124446,124463,1960 Summer Olympics,15,1960,Rome,"Basilica di Massenzio, Roma",Wrestling,"Middleweight, Freestyle, Men",Men,individual,Round Three,,Round Three,Round 3,03 Sep,Ed DeWitt,Ed DeWitt,60610,Giorgi Skhirt'ladze,Giorgi Skhirt'ladze,60539,Decision,Decision,,,,USA,USA_WIN,first_competitor_result,True,https://www.olympedia.org/results/124446,https://www.olympedia.org/results/124463,124446.html
olympedia-32189,32187,32189,1964 Summer Olympics,16,1964,Tokyo,"Kokuritsu Yoyogi Kyogijo (Annex), Shibuya, Tokyo",Basketball,"Basketball, Men",Men,team,Final Round,,Final Round,Final,23 Oct 20:00,United States,United States,,Soviet Union,Soviet Union,,73 – 59,73 – 59,73 – 59,73,59,USA,USA_WIN,numeric_score,True,https://www.olympedia.org/results/32187,https://www.olympedia.org/results/32189,32187.html
olympedia-23619,23614,23619,1964 Summer Olympics,16,1964,Tokyo,"Korakuen Horu, Bunkyo, Tokyo",Boxing,"Heavyweight, Men",Men,individual,Semi-Finals,,Semi-Finals,Semi-final,21 Oct,Joe Frazier,Joe Frazier,8671,Vadim Yemelyanov,Vadim Yemelyanov,8489,Referee stops contest,Referee stops contest,,,,USA,USA_WIN,first_competitor_result,True,https://www.olympedia.org/results/23614,https://www.olympedia.org/results/23619,23614.html
olympedia-23609,23590,23609,1964 Summer Olympics,16,1964,Tokyo,"Korakuen Horu, Bunkyo, Tokyo",Boxing,"Light-Heavyweight, Men",Men,individual,Round Two,,Round Two,Round 2,17 Oct,Bob Christopherson,Bob Christopherson,8641,Aleksey Kiselyov,Aleksey Kiselyov,8505,Decision,Decision,,,,URS,URS_WIN,first_competitor_result,True,https://www.olympedia.org/results/23590,https://www.olympedia.org/results/23609,23590.html
olympedia-23477,23459,23477,1964 Summer Olympics,16,1964,Tokyo,"Korakuen Horu, Bunkyo, Tokyo",Boxing,"Light-Welterweight, Men",Men,individual,Round Three,,Round Three,Round 3,18 Oct,Charley Ellis,Charley Ellis,8660,Yevgeny Frolov,Yevgeny Frolov,8492,Decision,Decision,,,,URS,URS_WIN,first_competitor_result,True,https://www.olympedia.org/results/23459,https://www.olympedia.org/results/23477,23459.html
olympedia-90693,90541,90693,1964 Summer Olympics,16,1964,Tokyo,"Memorial Hall, Waseda Daigaku, Shinjuku, Tokyo",Fencing,"Foil, Individual, Men",Men,individual,Round One,Pool #1,Round One / Pool #1,Round 1 / Pool 1,13 Oct,Herb Cohen,Herb Cohen,23681,German Sveshnikov,German Sveshnikov,23609,5 – 2,5 – 2,2 – 5,2,5,URS,URS_WIN,numeric_score,True,https://www.olympedia.org/results/90541,https://www.olympedia.org/results/90693,90541.html
olympedia-90830,90541,90830,1964 Summer Olympics,16,1964,Tokyo,"Memorial Hall, Waseda Daigaku, Shinjuku, Tokyo",Fencing,"Foil, Individual, Men",Men,individual,Round One,Pool #9,Round One / Pool #9,Round 1 / Pool 9,13 Oct,Albie Axelrod,Albie Axelrod,23652,Viktor Zhdanovich,Viktor Zhdanovich,23604,5 – 2,5 – 2,5 – 2,5,2,USA,USA_WIN,numeric_score,True,https://www.olympedia.org/results/90541,https://www.olympedia.org/results/90830,90541.html
olympedia-93012,92978,93012,1964 Summer Olympics,16,1964,Tokyo,"Memorial Hall, Waseda Daigaku, Shinjuku, Tokyo",Fencing,"Foil, Individual, Women",Women,individual,Quarter-Finals,Pool #1,Quarter-Finals / Pool #1,Quarter-final,14 Oct,Harriet King,Harriet King,21004,Valentina Prudskova,Valentina Prudskova,20972,4 – 1,4 – 1,4 – 1,4,1,USA,USA_WIN,numeric_score,True,https://www.olympedia.org/results/92978,https://www.olympedia.org/results/93012,92978.html
olympedia-93159,92978,93159,1964 Summer Olympics,16,1964,Tokyo,"Memorial Hall, Waseda Daigaku, Shinjuku, Tokyo",Fencing,"Foil, Individual, Women",Women,individual,Round One,Pool #4,Round One / Pool #4,Round 1 / Pool 4,14 Oct,Jan Romary,Jan Romary,21021,Galina Gorokhova,Galina Gorokhova,20963,4 – 3,4 – 3,4 – 3,4,3,USA,USA_WIN,numeric_score,True,https://www.olympedia.org/results/92978,https://www.olympedia.org/results/93159,92978.html
olympedia-91294,91259,91294,1964 Summer Olympics,16,1964,Tokyo,"Memorial Hall, Waseda Daigaku, Shinjuku, Tokyo",Fencing,"Sabre, Individual, Men",Men,individual,Quarter-Finals,Pool #1,Quarter-Finals / Pool #1,Quarter-final,19 Oct,Attila Keresztes,Attila Keresztes,23729,Yakov Rylsky,Yakov Rylsky,23600,5 – 1,5 – 1,1 – 5,1,5,URS,URS_WIN,numeric_score,True,https://www.olympedia.org/results/91259,https://www.olympedia.org/results/91294,91259.html
olympedia-91352,91259,91352,1964 Summer Olympics,16,1964,Tokyo,"Memorial Hall, Waseda Daigaku, Shinjuku, Tokyo",Fencing,"Sabre, Individual, Men",Men,individual,Quarter-Finals,Pool #3,Quarter-Finals / Pool #3,Quarter-final,19 Oct,Tom Orley,Tom Orley,23774,Mark Rakita,Mark Rakita,23595,5 – 3,5 – 3,3 – 5,3,5,URS,URS_WIN,numeric_score,True,https://www.olympedia.org/results/91259,https://www.olympedia.org/results/91352,91259.html
olympedia-90924,90845,90924,1964 Summer Olympics,16,1964,Tokyo,"Memorial Hall, Waseda Daigaku, Shinjuku, Tokyo",Fencing,"Épée, Individual, Men",Men,individual,Quarter-Finals,Pool #2,Quarter-Finals / Pool #2,Quarter-final,18 Oct,David Micahnik,David Micahnik,23758,Grigory Kriss,Grigory Kriss,23574,5 – 2,5 – 2,5 – 2,5,2,USA,USA_WIN,numeric_score,True,https://www.olympedia.org/results/90845,https://www.olympedia.org/results/90924,90845.html
olympedia-15104,15091,15104,1964 Summer Olympics,16,1964,Tokyo,"Nippon Budokan, Chiyoda, Tokyo",Judo,"Heavyweight, Men",Men,individual,Pool B,,Pool B,Pool,22 Oct,George Harris,George Harris,33817,Parnaoz Chik'viladze,Parnaoz Chik'viladze,34448,Waza-ari,Waza-ari,,,,URS,URS_WIN,first_competitor_result,True,https://www.olympedia.org/results/15091,https://www.olympedia.org/results/15104,15091.html
olympedia-37036,37000,37036,1964 Summer Olympics,16,1964,Tokyo,"Komazawa Volleyball Court, Komazawa Olympic Park, Tokyo / Yokohama Bunka Taiikukan, Naka, Yokohama",Volleyball,"Volleyball, Men",Men,team,Round-Robin,,Round-Robin,Round-Robin,21 Oct 19:00,United States,United States,,Soviet Union,Soviet Union,,"15-6, 15-5, 15-4","15-6, 15-5, 15-4","6 – 15, 5 – 15, 4 – 15",0,3,URS,URS_WIN,set_score,True,https://www.olympedia.org/results/37000,https://www.olympedia.org/results/37036,37000.html
olympedia-37059,37048,37059,1964 Summer Olympics,16,1964,Tokyo,"Komazawa Volleyball Court, Komazawa Olympic Park, Tokyo / Yokohama Bunka Taiikukan, Naka, Yokohama",Volleyball,"Volleyball, Women",Women,team,Round-Robin,,Round-Robin,Round-Robin,17 Oct 13:00,United States,United States,,Soviet Union,Soviet Union,,"15-1, 15-8, 15-7","15-1, 15-8, 15-7","1 – 15, 8 – 15, 7 – 15",0,3,URS,URS_WIN,set_score,True,https://www.olympedia.org/results/37048,https://www.olympedia.org/results/37059,37048.html
olympedia-125038,125026,125038,1964 Summer Olympics,16,1964,Tokyo,"Komazawa Gymnasium, Komazawa Olympic Park, Tokyo",Wrestling,"Featherweight, Freestyle, Men",Men,individual,Round Four,,Round Four,Round 4,14 Oct,Bobby Douglas,Bobby Douglas,60614,Nodar Khokhashvili,Nodar Khokhashvili,60487,Decision,Decision,,,,URS,URS_WIN,first_competitor_result,True,https://www.olympedia.org/results/125026,https://www.olympedia.org/results/125038,125026.html
olympedia-124964,124937,124964,1964 Summer Olympics,16,1964,Tokyo,"Komazawa Gymnasium, Komazawa Olympic Park, Tokyo",Wrestling,"Flyweight, Freestyle, Men",Men,individual,Round Two,,Round Two,Round 2,12 Oct,Gray Simons,Gray Simons,60762,Ali Aliyev,Ali Aliyev,60442,Draw,Draw,,,,DRAW,DRAW,explicit_draw,True,https://www.olympedia.org/results/124937,https://www.olympedia.org/results/124964,124937.html
olympedia-125253,125234,125253,1964 Summer Olympics,16,1964,Tokyo,"Komazawa Gymnasium, Komazawa Olympic Park, Tokyo",Wrestling,"Heavyweight, Freestyle, Men",Men,individual,Round Two,,Round Two,Round 2,12 Oct,Larry Kristoff,Larry Kristoff,60682,Aleksandr Ivanitsky,Aleksandr Ivanitsky,60475,Decision,Decision,,,,URS,URS_WIN,first_competitor_result,True,https://www.olympedia.org/results/125234,https://www.olympedia.org/results/125253,125234.html
olympedia-125492,125485,125492,1964 Summer Olympics,16,1964,Tokyo,"Komazawa Gymnasium, Komazawa Olympic Park, Tokyo",Wrestling,"Middleweight, Greco-Roman, Men",Men,individual,Round Four,,Round Four,Round 4,19 Oct,Wayne Baughman,Wayne Baughman,60570,Valentin Olenik,Valentin Olenik,60514,Decision,Decision,,,,URS,URS_WIN,first_competitor_result,True,https://www.olympedia.org/results/125485,https://www.olympedia.org/results/125492,125485.html
olympedia-23983,23981,23983,1968 Summer Olympics,17,1968,Mexico City,"Arena México, Ciudad de México",Boxing,"Heavyweight, Men",Men,individual,Final Round,,Final Round,Final,26 Oct,George Foreman,George Foreman,8668,Jonas Čepulis,Jonas Čepulis,8559,Referee stops contest,Referee stops contest,,,,USA,USA_WIN,first_competitor_result,True,https://www.olympedia.org/results/23981,https://www.olympedia.org/results/23983,23981.html
olympedia-93679,93474,93679,1968 Summer Olympics,17,1968,Mexico City,"Sala de Armas Fernando Montes de Oca, Ciudad Deportiva Magdalena Mixhuca, Ciudad de México",Fencing,"Foil, Individual, Men",Men,individual,Round Two,Pool #8,Round Two / Pool #8,Round 2 / Pool 8,15 Oct,Herb Cohen,Herb Cohen,23681,Viktor Putyatin,Viktor Putyatin,23594,beat,beat,,,,URS,URS_WIN,explicit_first_competitor_win,True,https://www.olympedia.org/results/93474,https://www.olympedia.org/results/93679,93474.html
olympedia-96231,96118,96231,1968 Summer Olympics,17,1968,Mexico City,"Sala de Armas Fernando Montes de Oca, Ciudad Deportiva Magdalena Mixhuca, Ciudad de México",Fencing,"Foil, Individual, Women",Women,individual,Round One,Pool #1,Round One / Pool #1,Round 1 / Pool 1,19 Oct,Jan Romary,Jan Romary,21021,Aleksandra Zabelina,Aleksandra Zabelina,20983,beat,beat,,,,URS,URS_WIN,explicit_first_competitor_win,True,https://www.olympedia.org/results/96118,https://www.olympedia.org/results/96231,96118.html
olympedia-96178,96118,96178,1968 Summer Olympics,17,1968,Mexico City,"Sala de Armas Fernando Montes de Oca, Ciudad Deportiva Magdalena Mixhuca, Ciudad de México",Fencing,"Foil, Individual, Women",Women,individual,Round Two,Pool #1,Round Two / Pool #1,Round 2 / Pool 1,19 Oct,Jan Romary,Jan Romary,21021,Aleksandra Zabelina,Aleksandra Zabelina,20983,beat,beat,,,,USA,USA_WIN,explicit_first_competitor_win,True,https://www.olympedia.org/results/96118,https://www.olympedia.org/results/96178,96118.html
olympedia-96194,96118,96194,1968 Summer Olympics,17,1968,Mexico City,"Sala de Armas Fernando Montes de Oca, Ciudad Deportiva Magdalena Mixhuca, Ciudad de México",Fencing,"Foil, Individual, Women",Women,individual,Round Two,Pool #2,Round Two / Pool #2,Round 2 / Pool 2,19 Oct,Harriet King,Harriet King,21004,Galina Gorokhova,Galina Gorokhova,20963,beat,beat,,,,USA,USA_WIN,explicit_first_competitor_win,True,https://www.olympedia.org/results/96118,https://www.olympedia.org/results/96194,96118.html
olympedia-94420,94245,94420,1968 Summer Olympics,17,1968,Mexico City,"Sala de Armas Fernando Montes de Oca, Ciudad Deportiva Magdalena Mixhuca, Ciudad de México",Fencing,"Sabre, Individual, Men",Men,individual,Round One,Pool #4,Round One / Pool #4,Round 1 / Pool 4,16 Oct,Alex Orban,Alex Orban,23772,Mark Rakita,Mark Rakita,23595,beat,beat,,,,URS,URS_WIN,explicit_first_competitor_win,True,https://www.olympedia.org/results/94245,https://www.olympedia.org/results/94420,94245.html
olympedia-94443,94245,94443,1968 Summer Olympics,17,1968,Mexico City,"Sala de Armas Fernando Montes de Oca, Ciudad Deportiva Magdalena Mixhuca, Ciudad de México",Fencing,"Sabre, Individual, Men",Men,individual,Round One,Pool #5,Round One / Pool #5,Round 1 / Pool 5,16 Oct,Jack Keane,Jack Keane,102559,Vladimir Nazlymov,Vladimir Nazlymov,23587,beat,beat,,,,URS,URS_WIN,explicit_first_competitor_win,True,https://www.olympedia.org/results/94245,https://www.olympedia.org/results/94443,94245.html
olympedia-94279,94245,94279,1968 Summer Olympics,17,1968,Mexico City,"Sala de Armas Fernando Montes de Oca, Ciudad Deportiva Magdalena Mixhuca, Ciudad de México",Fencing,"Sabre, Individual, Men",Men,individual,Round Two,,Round Two,Round 2,17 Oct,Alfonso Morales,Alfonso Morales,23761,Vladimir Nazlymov,Vladimir Nazlymov,23587,2 – 0,2 – 0,0 – 2,0,2,URS,URS_WIN,numeric_score,True,https://www.olympedia.org/results/94245,https://www.olympedia.org/results/94279,94245.html
olympedia-94329,94245,94329,1968 Summer Olympics,17,1968,Mexico City,"Sala de Armas Fernando Montes de Oca, Ciudad Deportiva Magdalena Mixhuca, Ciudad de México",Fencing,"Sabre, Individual, Men",Men,individual,Round Two,Pool #3,Round Two / Pool #3,Round 2 / Pool 3,16 Oct,Jack Keane,Jack Keane,102559,Vladimir Nazlymov,Vladimir Nazlymov,23587,beat,beat,,,,URS,URS_WIN,explicit_first_competitor_win,True,https://www.olympedia.org/results/94245,https://www.olympedia.org/results/94329,94245.html
olympedia-94346,94245,94346,1968 Summer Olympics,17,1968,Mexico City,"Sala de Armas Fernando Montes de Oca, Ciudad Deportiva Magdalena Mixhuca, Ciudad de México",Fencing,"Sabre, Individual, Men",Men,individual,Round Two,Pool #4,Round Two / Pool #4,Round 2 / Pool 4,16 Oct,Alfonso Morales,Alfonso Morales,23761,Umyar Mavlikhanov,Umyar Mavlikhanov,23580,beat,beat,,,,USA,USA_WIN,explicit_first_competitor_win,True,https://www.olympedia.org/results/94245,https://www.olympedia.org/results/94346,94245.html
olympedia-94077,93838,94077,1968 Summer Olympics,17,1968,Mexico City,"Sala de Armas Fernando Montes de Oca, Ciudad Deportiva Magdalena Mixhuca, Ciudad de México",Fencing,"Épée, Individual, Men",Men,individual,Round One,Pool #2,Round One / Pool #2,Round 1 / Pool 2,21 Oct,David Micahnik,David Micahnik,23758,Grigory Kriss,Grigory Kriss,23574,beat,beat,,,,URS,URS_WIN,explicit_first_competitor_win,True,https://www.olympedia.org/results/93838,https://www.olympedia.org/results/94077,93838.html
olympedia-94038,93838,94038,1968 Summer Olympics,17,1968,Mexico City,"Sala de Armas Fernando Montes de Oca, Ciudad Deportiva Magdalena Mixhuca, Ciudad de México",Fencing,"Épée, Individual, Men",Men,individual,Round Two,Pool #8,Round Two / Pool #8,Round 2 / Pool 8,21 Oct,Paul Pesthy,Paul Pesthy,23779,Grigory Kriss,Grigory Kriss,23574,beat,beat,,,,URS,URS_WIN,explicit_first_competitor_win,True,https://www.olympedia.org/results/93838,https://www.olympedia.org/results/94038,93838.html
olympedia-900185,900151,900185,1968 Summer Olympics,17,1968,Mexico City,"Guadalajara Country Club, Guadalajara / Atlas Sports Club, Guadalajara / Guadalajara Sports Club, Guadalajara",Tennis,"Singles, Men",Men,individual,Round One,,Round One,Round 1,15 Oct,Jim McManus,Jim McManus,902525,Anatoly Volkov,Anatoly Volkov,902235,"6-2, 2-6, 3-6, 6-4, 7-5","6-2, 2-6, 3-6, 6-4, 7-5","6 – 2, 2 – 6, 3 – 6, 6 – 4, 7 – 5",3,2,USA,USA_WIN,set_score,True,https://www.olympedia.org/results/900151,https://www.olympedia.org/results/900185,900151.html
olympedia-900269,900254,900269,1968 Summer Olympics,17,1968,Mexico City,"Centro Deportivo Chapultepec, Ciudad de México",Tennis,"Singles, Men",Men,individual,Round Two,,Round Two,Round 2,24 Oct,Herb Fitzgibbon,Herb Fitzgibbon (1),902519,Vladimir Korotkov,Vladimir Korotkov,902234,"6-4, 6-3","6-4, 6-3","4 – 6, 3 – 6",0,2,URS,URS_WIN,set_score,True,https://www.olympedia.org/results/900254,https://www.olympedia.org/results/900269,900254.html
olympedia-900290,900283,900290,1968 Summer Olympics,17,1968,Mexico City,"Centro Deportivo Chapultepec, Ciudad de México",Tennis,"Singles, Women",Women,individual,Quarter-Finals,,Quarter-Finals,Quarter-final,24 Oct,Jane Bartkowicz,Jane Bartkowicz (1),902518,Zaiga Jansone,Zaiga Jansone,902236,"6-3, 7-5","6-3, 7-5","6 – 3, 7 – 5",2,0,USA,USA_WIN,set_score,True,https://www.olympedia.org/results/900283,https://www.olympedia.org/results/900290,900283.html
olympedia-37072,37066,37072,1968 Summer Olympics,17,1968,Mexico City,"Gimnasio Olímpico Juan de la Barrera, Ciudad de México / Pista de Hielo Revolución, Ciudad de México",Volleyball,"Volleyball, Men",Men,team,Round-Robin,,Round-Robin,Round-Robin,15 Oct 12:00,United States,United States,,Soviet Union,Soviet Union,,"11-15, 15-10, 10-15, 15-10, 15-6","11-15, 15-10, 10-15, 15-10, 15-6","11 – 15, 15 – 10, 10 – 15, 15 – 10, 15 – 6",3,2,USA,USA_WIN,set_score,True,https://www.olympedia.org/results/37066,https://www.olympedia.org/results/37072,37066.html
olympedia-37134,37114,37134,1968 Summer Olympics,17,1968,Mexico City,"Gimnasio Olímpico Juan de la Barrera, Ciudad de México / Pista de Hielo Revolución, Ciudad de México",Volleyball,"Volleyball, Women",Women,team,Round-Robin,,Round-Robin,Round-Robin,21 Oct 10:00,United States,United States,,Soviet Union,Soviet Union,,"15-1, 6-15, 15-4, 15-6","15-1, 6-15, 15-4, 15-6","1 – 15, 15 – 6, 4 – 15, 6 – 15",1,3,URS,URS_WIN,set_score,True,https://www.olympedia.org/results/37114,https://www.olympedia.org/results/37134,37114.html
olympedia-38466,38432,38466,1968 Summer Olympics,17,1968,Mexico City,"Alberca Olímpica Francisco Márquez, Ciudad de México / Alberca Olímpica Universitaria, Universidad Nacional Autónoma de México, Ciudad de México",Water Polo,"Water Polo, Men",Men,team,Group A,,Group A,Group A,21 Oct 10:00,United States,United States,,Soviet Union,Soviet Union,,8 – 3,8 – 3,3 – 8,3,8,URS,URS_WIN,numeric_score,True,https://www.olympedia.org/results/38432,https://www.olympedia.org/results/38466,38432.html
olympedia-125652,125649,125652,1968 Summer Olympics,17,1968,Mexico City,"Pista de Hielo Insurgentes, Ciudad de México",Wrestling,"Bantamweight, Freestyle, Men",Men,individual,Final Round,,Final Round,Final,20 Oct,Don Behm,Don Behm,60573,Ali Aliyev,Ali Aliyev,60442,Decision,Decision,,,,USA,USA_WIN,first_competitor_result,True,https://www.olympedia.org/results/125649,https://www.olympedia.org/results/125652,125649.html
olympedia-126110,126080,126110,1968 Summer Olympics,17,1968,Mexico City,"Pista de Hielo Insurgentes, Ciudad de México",Wrestling,"Featherweight, Greco-Roman, Men",Men,individual,Round Two,,Round Two,Round 2,24 Oct,Jim Hazewinkel,Jim Hazewinkel,60653,Roman Rurua,Roman Rurua,60523,Fall (6:23),Fall (6:23),,,,URS,URS_WIN,first_competitor_result,True,https://www.olympedia.org/results/126080,https://www.olympedia.org/results/126110,126080.html
olympedia-126024,125976,126024,1968 Summer Olympics,17,1968,Mexico City,"Pista de Hielo Insurgentes, Ciudad de México",Wrestling,"Flyweight, Greco-Roman, Men",Men,individual,Round One,,Round One,Round 1,23 Oct,Rich Tamble,Rich Tamble,60776,Vladimir Bakulin,Vladimir Bakulin,60446,Decision,Decision,,,,URS,URS_WIN,first_competitor_result,True,https://www.olympedia.org/results/125976,https://www.olympedia.org/results/126024,125976.html
olympedia-125952,125943,125952,1968 Summer Olympics,17,1968,Mexico City,"Pista de Hielo Insurgentes, Ciudad de México",Wrestling,"Heavyweight, Freestyle, Men",Men,individual,Round Four,,Round Four,Round 4,20 Oct,Larry Kristoff,Larry Kristoff,60682,Aliaksandr Miadved,Aliaksandr Miadved,60505,Disqualification,Disqualification,,,,URS,URS_WIN,first_competitor_result,True,https://www.olympedia.org/results/125943,https://www.olympedia.org/results/125952,125943.html
olympedia-126323,126308,126323,1968 Summer Olympics,17,1968,Mexico City,"Pista de Hielo Insurgentes, Ciudad de México",Wrestling,"Heavyweight, Greco-Roman, Men",Men,individual,Round Three,,Round Three,Round 3,25 Oct,Bob Roop,Bob Roop,60746,Anatoly Roshchin,Anatoly Roshchin,60520,Fall (2:48),Fall (2:48),,,,URS,URS_WIN,first_competitor_result,True,https://www.olympedia.org/results/126308,https://www.olympedia.org/results/126323,126308.html
olympedia-125803,125753,125803,1968 Summer Olympics,17,1968,Mexico City,"Pista de Hielo Insurgentes, Ciudad de México",Wrestling,"Lightweight, Freestyle, Men",Men,individual,Round One,,Round One,Round 1,17 Oct,Wayne Wells,Wayne Wells,60792,Zarbeg Beriashvili,Zarbeg Beriashvili,60452,Draw,Draw,,,,DRAW,DRAW,explicit_draw,True,https://www.olympedia.org/results/125753,https://www.olympedia.org/results/125803,125753.html
olympedia-126236,126229,126236,1968 Summer Olympics,17,1968,Mexico City,"Pista de Hielo Insurgentes, Ciudad de México",Wrestling,"Middleweight, Greco-Roman, Men",Men,individual,Round Five,,Round Five,Round Five,26 Oct,Wayne Baughman,Wayne Baughman,60570,Valentin Olenik,Valentin Olenik,60514,Fall (10:08),Fall (10:08),,,,URS,URS_WIN,first_competitor_result,True,https://www.olympedia.org/results/126229,https://www.olympedia.org/results/126236,126229.html
olympedia-32351,32349,32351,1972 Summer Olympics,18,1972,Munich,"Basketballhalle, Siegenburger Straße, München",Basketball,"Basketball, Men",Men,team,Final Round,,Final Round,Final,09 Sep 21:00,United States,United States 3,,Soviet Union,Soviet Union 2,,51 – 50,51 – 50,50 – 51,50,51,URS,URS_WIN,numeric_score,True,https://www.olympedia.org/results/32349,https://www.olympedia.org/results/32351,32349.html
olympedia-24090,24081,24090,1972 Summer Olympics,18,1972,Munich,"Boxhalle, Olympiapark, München",Boxing,"Bantamweight, Men",Men,individual,Quarter-Finals,,Quarter-Finals,Quarter-final,06 Sep,Ricardo Carreras,Ricardo Carreras,8638,Vasily Solomin,Vasily Solomin,8549,Decision,Decision,,,,USA,USA_WIN,first_competitor_result,True,https://www.olympedia.org/results/24081,https://www.olympedia.org/results/24090,24081.html
olympedia-24413,24400,24413,1972 Summer Olympics,18,1972,Munich,"Boxhalle, Olympiapark, München",Boxing,"Heavyweight, Men",Men,individual,Round One,,Round One,Round 1,03 Sep,Duane Bobick,Duane Bobick,8621,Yury Nesterov,Yury Nesterov,8524,Decision,Decision,,,,USA,USA_WIN,first_competitor_result,True,https://www.olympedia.org/results/24400,https://www.olympedia.org/results/24413,24400.html
olympedia-24323,24299,24323,1972 Summer Olympics,18,1972,Munich,"Boxhalle, Olympiapark, München",Boxing,"Light-Middleweight, Men",Men,individual,Round Two,,Round Two,Round 2,30 Aug,Reggie Jones,Reggie Jones,8703,Valery Tregubov,Valery Tregubov,8564,Decision,Decision,,,,URS,URS_WIN,first_competitor_result,True,https://www.olympedia.org/results/24299,https://www.olympedia.org/results/24323,24299.html
olympedia-24345,24340,24345,1972 Summer Olympics,18,1972,Munich,"Boxhalle, Olympiapark, München",Boxing,"Middleweight, Men",Men,individual,Semi-Finals,,Semi-Finals,Semi-final,08 Sep,Marvin Johnson,Marvin Johnson,8700,Vyacheslav Lemeshev,Vyacheslav Lemeshev,8515,Referee stops contest,Referee stops contest,,,,URS,URS_WIN,first_competitor_result,True,https://www.olympedia.org/results/24340,https://www.olympedia.org/results/24345,24340.html
olympedia-24266,24256,24266,1972 Summer Olympics,18,1972,Munich,"Boxhalle, Olympiapark, München",Boxing,"Welterweight, Men",Men,individual,Quarter-Finals,,Quarter-Finals,Quarter-final,06 Sep,Jesse Valdez,Jesse Valdez,8790,Anatoly Khokhlov,Anatoly Khokhlov,8507,Decision,Decision,,,,USA,USA_WIN,first_competitor_result,True,https://www.olympedia.org/results/24256,https://www.olympedia.org/results/24266,24256.html
olympedia-96890,96653,96890,1972 Summer Olympics,18,1972,Munich,"Fechthalle 1, Messegelände (Halle 11 & 12), München / Fechthalle 2, Messegelände (Halle 20), München",Fencing,"Foil, Individual, Men",Men,individual,Round One,Pool #2,Round One / Pool #2,Round 1 / Pool 2,29 Aug,John Nonna,John Nonna,23767,Vladimir Denisov,Vladimir Denisov,23562,5 – 4,5 – 4,4 – 5,4,5,URS,URS_WIN,numeric_score,True,https://www.olympedia.org/results/96653,https://www.olympedia.org/results/96890,96653.html
olympedia-96981,96653,96981,1972 Summer Olympics,18,1972,Munich,"Fechthalle 1, Messegelände (Halle 11 & 12), München / Fechthalle 2, Messegelände (Halle 20), München",Fencing,"Foil, Individual, Men",Men,individual,Round One,Pool #7,Round One / Pool #7,Round 1 / Pool 7,29 Aug,Bert Freeman,Bert Freeman,23704,Anatoly Koteshev,Anatoly Koteshev,23572,5 – 3,5 – 3,5 – 3,5,3,USA,USA_WIN,numeric_score,True,https://www.olympedia.org/results/96653,https://www.olympedia.org/results/96981,96653.html
olympedia-96852,96653,96852,1972 Summer Olympics,18,1972,Munich,"Fechthalle 1, Messegelände (Halle 11 & 12), München / Fechthalle 2, Messegelände (Halle 20), München",Fencing,"Foil, Individual, Men",Men,individual,Round Two,Pool #6,Round Two / Pool #6,Round 2 / Pool 6,29 Aug,Bert Freeman,Bert Freeman,23704,Vasily Stankovich,Vasily Stankovich,23608,5 – 3,5 – 3,3 – 5,3,5,URS,URS_WIN,numeric_score,True,https://www.olympedia.org/results/96653,https://www.olympedia.org/results/96852,96653.html
olympedia-99533,99414,99533,1972 Summer Olympics,18,1972,Munich,"Fechthalle 1, Messegelände (Halle 11 & 12), München / Fechthalle 2, Messegelände (Halle 20), München",Fencing,"Foil, Individual, Women",Women,individual,Round One,Pool #1,Round One / Pool #1,Round 1 / Pool 1,02 Sep,Harriet King,Harriet King,21004,Aleksandra Zabelina,Aleksandra Zabelina,20983,4 – 1,4 – 1,1 – 4,1,4,URS,URS_WIN,numeric_score,True,https://www.olympedia.org/results/99414,https://www.olympedia.org/results/99533,99414.html
olympedia-97512,97460,97512,1972 Summer Olympics,18,1972,Munich,"Fechthalle 1, Messegelände (Halle 11 & 12), München / Fechthalle 2, Messegelände (Halle 20), München",Fencing,"Sabre, Individual, Men",Men,individual,Quarter-Finals,Pool #1,Quarter-Finals / Pool #1,Quarter-final,30 Aug,Paul Apostol,Paul Apostol,23651,Vladimir Nazlymov,Vladimir Nazlymov,23587,5 – 4,5 – 4,4 – 5,4,5,URS,URS_WIN,numeric_score,True,https://www.olympedia.org/results/97460,https://www.olympedia.org/results/97512,97460.html
olympedia-97514,97460,97514,1972 Summer Olympics,18,1972,Munich,"Fechthalle 1, Messegelände (Halle 11 & 12), München / Fechthalle 2, Messegelände (Halle 20), München",Fencing,"Sabre, Individual, Men",Men,individual,Quarter-Finals,Pool #1,Quarter-Finals / Pool #1,Quarter-final,30 Aug,Alfonso Morales,Alfonso Morales,23761,Vladimir Nazlymov,Vladimir Nazlymov,23587,5 – 2,5 – 2,2 – 5,2,5,URS,URS_WIN,numeric_score,True,https://www.olympedia.org/results/97460,https://www.olympedia.org/results/97514,97460.html
olympedia-97546,97460,97546,1972 Summer Olympics,18,1972,Munich,"Fechthalle 1, Messegelände (Halle 11 & 12), München / Fechthalle 2, Messegelände (Halle 20), München",Fencing,"Sabre, Individual, Men",Men,individual,Quarter-Finals,Pool #3,Quarter-Finals / Pool #3,Quarter-final,30 Aug,Alex Orban,Alex Orban,23772,Viktor Sidyak,Viktor Sidyak,23601,5 – 2,5 – 2,2 – 5,2,5,URS,URS_WIN,numeric_score,True,https://www.olympedia.org/results/97460,https://www.olympedia.org/results/97546,97460.html
olympedia-97708,97460,97708,1972 Summer Olympics,18,1972,Munich,"Fechthalle 1, Messegelände (Halle 11 & 12), München / Fechthalle 2, Messegelände (Halle 20), München",Fencing,"Sabre, Individual, Men",Men,individual,Round One,Pool #3,Round One / Pool #3,Round 1 / Pool 3,30 Aug,Paul Apostol,Paul Apostol,23651,Viktor Sidyak,Viktor Sidyak,23601,5 – 4,5 – 4,4 – 5,4,5,URS,URS_WIN,numeric_score,True,https://www.olympedia.org/results/97460,https://www.olympedia.org/results/97708,97460.html
olympedia-97641,97460,97641,1972 Summer Olympics,18,1972,Munich,"Fechthalle 1, Messegelände (Halle 11 & 12), München / Fechthalle 2, Messegelände (Halle 20), München",Fencing,"Sabre, Individual, Men",Men,individual,Round Two,Pool #5,Round Two / Pool #5,Round 2 / Pool 5,30 Aug,Paul Apostol,Paul Apostol,23651,Viktor Sidyak,Viktor Sidyak,23601,5 – 4,5 – 4,4 – 5,4,5,URS,URS_WIN,numeric_score,True,https://www.olympedia.org/results/97460,https://www.olympedia.org/results/97641,97460.html
olympedia-97496,97460,97496,1972 Summer Olympics,18,1972,Munich,"Fechthalle 1, Messegelände (Halle 11 & 12), München / Fechthalle 2, Messegelände (Halle 20), München",Fencing,"Sabre, Individual, Men",Men,individual,Semi-Finals,Pool #2,Semi-Finals / Pool #2,Semi-final,31 Aug,Paul Apostol,Paul Apostol,23651,Viktor Sidyak,Viktor Sidyak,23601,5 – 3,5 – 3,3 – 5,3,5,URS,URS_WIN,numeric_score,True,https://www.olympedia.org/results/97460,https://www.olympedia.org/results/97496,97460.html
olympedia-97335,97028,97335,1972 Summer Olympics,18,1972,Munich,"Fechthalle 1, Messegelände (Halle 11 & 12), München / Fechthalle 2, Messegelände (Halle 20), München",Fencing,"Épée, Individual, Men",Men,individual,Round One,Pool #5,Round One / Pool #5,Round 1 / Pool 5,04 Sep,George Masin,George Masin,23752,Sergey Paramonov,Sergey Paramonov,23591,5 – 4,5 – 4,4 – 5,4,5,URS,URS_WIN,numeric_score,True,https://www.olympedia.org/results/97028,https://www.olympedia.org/results/97335,97028.html
olympedia-15327,15299,15327,1972 Summer Olympics,18,1972,Munich,"Ringer-Judo-Halle, Messegelände (Halle 14), München",Judo,"Half-Heavyweight, Men",Men,individual,Repêchage,,Repêchage,Repêchage,01 Sep,Jimmy Wooley,Jimmy Wooley,34539,Shota Chochishvili,Shota Chochishvili,33940,Ippon,Ippon,,,,URS,URS_WIN,first_competitor_result,True,https://www.olympedia.org/results/15299,https://www.olympedia.org/results/15327,15299.html
olympedia-15258,15240,15258,1972 Summer Olympics,18,1972,Munich,"Ringer-Judo-Halle, Messegelände (Halle 14), München",Judo,"Middleweight, Men",Men,individual,Round Two,,Round Two,Round 2,02 Sep,Irwin Cohen,Irwin Cohen,33606,Guram Gogolauri,Guram Gogolauri,33777,Ippon,Ippon,,,,URS,URS_WIN,first_competitor_result,True,https://www.olympedia.org/results/15240,https://www.olympedia.org/results/15258,15240.html
olympedia-38512,38502,38512,1972 Summer Olympics,18,1972,Munich,"Dantebad, München / Schwimmhalle, Olympiapark, München",Water Polo,"Water Polo, Men",Men,team,Final Round,,Final Round,Final,03 Sep 19:30,United States,United States,,Soviet Union,Soviet Union,,6 – 6,6 – 6,6 – 6,6,6,DRAW,DRAW,numeric_score,True,https://www.olympedia.org/results/38502,https://www.olympedia.org/results/38512,38502.html
olympedia-126522,126494,126522,1972 Summer Olympics,18,1972,Munich,"Ringer-Judo-Halle, Messegelände (Halle 14), München",Wrestling,"Featherweight, Freestyle, Men",Men,individual,Round Three,,Round Three,Round 3,29 Aug,Gene Davis,Gene Davis,60607,Zagalav Abdulbekov,Zagalav Abdulbekov,60435,Fall (3:25),Fall (3:25),,,,URS,URS_WIN,first_competitor_result,True,https://www.olympedia.org/results/126494,https://www.olympedia.org/results/126522,126494.html
olympedia-127217,127190,127217,1972 Summer Olympics,18,1972,Munich,"Ringer-Judo-Halle, Messegelände (Halle 14), München",Wrestling,"Heavyweight, Greco-Roman, Men",Men,individual,Round One,,Round One,Round 1,06 Sep,Buck Deadrich,Buck Deadrich,60608,Nikolay Yakovenko,Nikolay Yakovenko,60478,Fall (7:23),Fall (7:23),,,,URS,URS_WIN,first_competitor_result,True,https://www.olympedia.org/results/127190,https://www.olympedia.org/results/127217,127190.html
olympedia-126729,126710,126729,1972 Summer Olympics,18,1972,Munich,"Ringer-Judo-Halle, Messegelände (Halle 14), München",Wrestling,"Light-Heavyweight, Freestyle, Men",Men,individual,Round Three,,Round Three,Round 3,29 Aug,Ben Peterson,Ben Peterson,60733,Gennady Strakhov,Gennady Strakhov,60541,Draw,Draw,,,,DRAW,DRAW,explicit_draw,True,https://www.olympedia.org/results/126710,https://www.olympedia.org/results/126729,126710.html
olympedia-126554,126551,126554,1972 Summer Olympics,18,1972,Munich,"Ringer-Judo-Halle, Messegelände (Halle 14), München",Wrestling,"Lightweight, Freestyle, Men",Men,individual,Final Round,,Final Round,Final,31 Aug,Dan Gable,Dan Gable,60636,Ruslan Ashuraliyev,Ruslan Ashuraliyev,60445,Decision,Decision,,,,USA,USA_WIN,first_competitor_result,True,https://www.olympedia.org/results/126551,https://www.olympedia.org/results/126554,126551.html
olympedia-126672,126660,126672,1972 Summer Olympics,18,1972,Munich,"Ringer-Judo-Halle, Messegelände (Halle 14), München",Wrestling,"Middleweight, Freestyle, Men",Men,individual,Round Four,,Round Four,Round 4,30 Aug,John Peterson,John Peterson,60734,Levan Tediashvili,Levan Tediashvili,60545,Decision,Decision,,,,URS,URS_WIN,first_competitor_result,True,https://www.olympedia.org/results/126660,https://www.olympedia.org/results/126672,126660.html
olympedia-126825,126798,126825,1972 Summer Olympics,18,1972,Munich,"Ringer-Judo-Halle, Messegelände (Halle 14), München",Wrestling,"Super-Heavyweight, Freestyle, Men",Men,individual,Round One,,Round One,Round 1,27 Aug,Chris Taylor,Chris Taylor,60777,Aliaksandr Miadved,Aliaksandr Miadved,60505,Decision,Decision,,,,URS,URS_WIN,first_competitor_result,True,https://www.olympedia.org/results/126798,https://www.olympedia.org/results/126825,126798.html
olympedia-32492,32480,32492,1976 Summer Olympics,19,1976,Montreal,"Centre Étienne Desmarteau, Montréal, Québec",Basketball,"Basketball, Women",Women,team,Round-Robin,,Round-Robin,Round-Robin,23 Jul 19:00,United States,United States,,Soviet Union,Soviet Union,,112 – 77,112 – 77,77 – 112,77,112,URS,URS_WIN,numeric_score,True,https://www.olympedia.org/results/32480,https://www.olympedia.org/results/32492,32480.html
olympedia-24499,24495,24499,1976 Summer Olympics,19,1976,Montreal,"Aréna Maurice-Richard, Montréal, Québec",Boxing,"Bantamweight, Men",Men,individual,Semi-Finals,,Semi-Finals,Semi-final,29 Jul,Charlie Mooney,Charlie Mooney,8737,Viktor Rybakov,Viktor Rybakov,8536,Decision,Decision,,,,USA,USA_WIN,first_competitor_result,True,https://www.olympedia.org/results/24495,https://www.olympedia.org/results/24499,24495.html
olympedia-24573,24540,24573,1976 Summer Olympics,19,1976,Montreal,"Aréna Maurice-Richard, Montréal, Québec",Boxing,"Featherweight, Men",Men,individual,Round Two,,Round Two,Round 2,21 Jul,Davey Armstrong,Davey Armstrong,8609,Anatoly Volkov,Anatoly Volkov,8566,Decision,Decision,,,,USA,USA_WIN,first_competitor_result,True,https://www.olympedia.org/results/24540,https://www.olympedia.org/results/24573,24540.html
olympedia-24793,24775,24793,1976 Summer Olympics,19,1976,Montreal,"Aréna Maurice-Richard, Montréal, Québec",Boxing,"Light-Heavyweight, Men",Men,individual,Round Two,,Round Two,Round 2,26 Jul,Leon Spinks,Leon Spinks,8778,Anatoly Klimanov,Anatoly Klimanov,8506,Decision,Decision,,,,USA,USA_WIN,first_competitor_result,True,https://www.olympedia.org/results/24775,https://www.olympedia.org/results/24793,24775.html
olympedia-24657,24621,24657,1976 Summer Olympics,19,1976,Montreal,"Aréna Maurice-Richard, Montréal, Québec",Boxing,"Light-Welterweight, Men",Men,individual,Round Two,,Round Two,Round 2,22 Jul,Sugar Ray Leonard,Sugar Ray Leonard,8719,Valery Limasov,Valery Limasov,8516,Decision,Decision,,,,USA,USA_WIN,first_competitor_result,True,https://www.olympedia.org/results/24621,https://www.olympedia.org/results/24657,24621.html
olympedia-24748,24746,24748,1976 Summer Olympics,19,1976,Montreal,"Aréna Maurice-Richard, Montréal, Québec",Boxing,"Middleweight, Men",Men,individual,Final Round,,Final Round,Final,31 Jul,Michael Spinks,Michael Spinks,8779,Rufat Riskiyev,Rufat Riskiyev,8535,Referee stops contest,Referee stops contest,,,,USA,USA_WIN,first_competitor_result,True,https://www.olympedia.org/results/24746,https://www.olympedia.org/results/24748,24746.html
olympedia-100266,100009,100266,1976 Summer Olympics,19,1976,Montreal,"Stade d'Hiver de l'Université de Montréal, Montréal, Québec",Fencing,"Foil, Individual, Men",Men,individual,Round One,Pool #3,Round One / Pool #3,Round 1 / Pool 3,20 Jul,Marty Lang,Marty Lang,23733,Vladimir Denisov,Vladimir Denisov,23562,5 – 1,5 – 1,1 – 5,1,5,URS,URS_WIN,numeric_score,True,https://www.olympedia.org/results/100009,https://www.olympedia.org/results/100266,100009.html
olympedia-100280,100009,100280,1976 Summer Olympics,19,1976,Montreal,"Stade d'Hiver de l'Université de Montréal, Montréal, Québec",Fencing,"Foil, Individual, Men",Men,individual,Round One,Pool #4,Round One / Pool #4,Round 1 / Pool 4,20 Jul,Ed Donofrio,Ed Donofrio,23694,Vasily Stankovich,Vasily Stankovich,23608,5 – 1,5 – 1,1 – 5,1,5,URS,URS_WIN,numeric_score,True,https://www.olympedia.org/results/100009,https://www.olympedia.org/results/100280,100009.html
olympedia-100147,100009,100147,1976 Summer Olympics,19,1976,Montreal,"Stade d'Hiver de l'Université de Montréal, Montréal, Québec",Fencing,"Foil, Individual, Men",Men,individual,Round Two,Pool #2,Round Two / Pool #2,Round 2 / Pool 2,20 Jul,Marty Lang,Marty Lang,23733,Vladimir Denisov,Vladimir Denisov,23562,5 – 2,5 – 2,2 – 5,2,5,URS,URS_WIN,numeric_score,True,https://www.olympedia.org/results/100009,https://www.olympedia.org/results/100147,100009.html
olympedia-100087,100009,100087,1976 Summer Olympics,19,1976,Montreal,"Stade d'Hiver de l'Université de Montréal, Montréal, Québec",Fencing,"Foil, Individual, Men",Men,individual,Round Three,Pool #4,Round Three / Pool #4,Round 3 / Pool 4,20 Jul,Ed Donofrio,Ed Donofrio,23694,Vasily Stankovich,Vasily Stankovich,23608,5 – 4,5 – 4,4 – 5,4,5,URS,URS_WIN,numeric_score,True,https://www.olympedia.org/results/100009,https://www.olympedia.org/results/100087,100009.html
olympedia-102939,102704,102939,1976 Summer Olympics,19,1976,Montreal,"Stade d'Hiver de l'Université de Montréal, Montréal, Québec",Fencing,"Foil, Individual, Women",Women,individual,Round One,Pool #3,Round One / Pool #3,Round 1 / Pool 3,23 Jul,Ann O'Donnell,Ann O'Donnell,21012,Yelena Belova,Yelena Belova,20968,5 – 0,5 – 0,0 – 5,0,5,URS,URS_WIN,numeric_score,True,https://www.olympedia.org/results/102704,https://www.olympedia.org/results/102939,102704.html
olympedia-100840,100738,100840,1976 Summer Olympics,19,1976,Montreal,"Stade d'Hiver de l'Université de Montréal, Montréal, Québec",Fencing,"Sabre, Individual, Men",Men,individual,Round One,,Round One,Round 1,22 Jul,Paul Apostol,Paul Apostol,23651,Viktor Krovopuskov,Viktor Krovopuskov,23575,10 – 4,10 – 4,4 – 10,4,10,URS,URS_WIN,numeric_score,True,https://www.olympedia.org/results/100738,https://www.olympedia.org/results/100840,100738.html
olympedia-100843,100738,100843,1976 Summer Olympics,19,1976,Montreal,"Stade d'Hiver de l'Université de Montréal, Montréal, Québec",Fencing,"Sabre, Individual, Men",Men,individual,Round One,,Round One,Round 1,22 Jul,Peter Westbrook,Peter Westbrook,23819,Vladimir Nazlymov,Vladimir Nazlymov,23587,10 – 4,10 – 4,4 – 10,4,10,URS,URS_WIN,numeric_score,True,https://www.olympedia.org/results/100738,https://www.olympedia.org/results/100843,100738.html
olympedia-100872,100738,100872,1976 Summer Olympics,19,1976,Montreal,"Stade d'Hiver de l'Université de Montréal, Montréal, Québec",Fencing,"Sabre, Individual, Men",Men,individual,Round Two,Pool #2,Round Two / Pool #2,Round 2 / Pool 2,21 Jul,Stephen Kaplan,Stephen Kaplan,23727,Vladimir Nazlymov,Vladimir Nazlymov,23587,5 – 2,5 – 2,2 – 5,2,5,URS,URS_WIN,numeric_score,True,https://www.olympedia.org/results/100738,https://www.olympedia.org/results/100872,100738.html
olympedia-100898,100738,100898,1976 Summer Olympics,19,1976,Montreal,"Stade d'Hiver de l'Université de Montréal, Montréal, Québec",Fencing,"Sabre, Individual, Men",Men,individual,Round Two,Pool #4,Round Two / Pool #4,Round 2 / Pool 4,21 Jul,Peter Westbrook,Peter Westbrook,23819,Viktor Sidyak,Viktor Sidyak,23601,5 – 2,5 – 2,2 – 5,2,5,URS,URS_WIN,numeric_score,True,https://www.olympedia.org/results/100738,https://www.olympedia.org/results/100898,100738.html
olympedia-100791,100738,100791,1976 Summer Olympics,19,1976,Montreal,"Stade d'Hiver de l'Université de Montréal, Montréal, Québec",Fencing,"Sabre, Individual, Men",Men,individual,Round Three,Pool #3,Round Three / Pool #3,Round 3 / Pool 3,21 Jul,Paul Apostol,Paul Apostol,23651,Viktor Krovopuskov,Viktor Krovopuskov,23575,5 – 3,5 – 3,3 – 5,3,5,URS,URS_WIN,numeric_score,True,https://www.olympedia.org/results/100738,https://www.olympedia.org/results/100791,100738.html
olympedia-100807,100738,100807,1976 Summer Olympics,19,1976,Montreal,"Stade d'Hiver de l'Université de Montréal, Montréal, Québec",Fencing,"Sabre, Individual, Men",Men,individual,Round Three,Pool #4,Round Three / Pool #4,Round 3 / Pool 4,21 Jul,Peter Westbrook,Peter Westbrook,23819,Vladimir Nazlymov,Vladimir Nazlymov,23587,5 – 2,5 – 2,2 – 5,2,5,URS,URS_WIN,numeric_score,True,https://www.olympedia.org/results/100738,https://www.olympedia.org/results/100807,100738.html
olympedia-100643,100375,100643,1976 Summer Olympics,19,1976,Montreal,"Stade d'Hiver de l'Université de Montréal, Montréal, Québec",Fencing,"Épée, Individual, Men",Men,individual,Round One,Pool #6,Round One / Pool #6,Round 1 / Pool 6,22 Jul,Scotty Bozek,Scotty Bozek,23666,Aleksandr Bykov,Aleksandr Bykov,23560,5 – 1,5 – 1,1 – 5,1,5,URS,URS_WIN,numeric_score,True,https://www.olympedia.org/results/100375,https://www.olympedia.org/results/100643,100375.html
olympedia-127393,127382,127393,1976 Summer Olympics,19,1976,Montreal,"Aréna Maurice-Richard, Montréal, Québec / Centre Pierre-Charbonneau, Parc olympique, Montréal, Québec",Wrestling,"Featherweight, Freestyle, Men",Men,individual,Round Four,,Round Four,Round 4,30 Jul,Gene Davis,Gene Davis,60607,Sergey Timofeyev,Sergey Timofeyev,60548,Decision (29-13),Decision (29-13),,,,USA,USA_WIN,first_competitor_result,True,https://www.olympedia.org/results/127382,https://www.olympedia.org/results/127393,127382.html
olympedia-127307,127289,127307,1976 Summer Olympics,19,1976,Montreal,"Aréna Maurice-Richard, Montréal, Québec / Centre Pierre-Charbonneau, Parc olympique, Montréal, Québec",Wrestling,"Flyweight, Freestyle, Men",Men,individual,Round Three,,Round Three,Round 3,29 Jul,James Haines,James Haines,60648,Aleksandr Ivanov,Aleksandr Ivanov,60476,Decision (18-10),Decision (18-10),,,,URS,URS_WIN,first_competitor_result,True,https://www.olympedia.org/results/127289,https://www.olympedia.org/results/127307,127289.html
olympedia-127617,127614,127617,1976 Summer Olympics,19,1976,Montreal,"Aréna Maurice-Richard, Montréal, Québec / Centre Pierre-Charbonneau, Parc olympique, Montréal, Québec",Wrestling,"Heavyweight, Freestyle, Men",Men,individual,Round Five,,Round Five,Round Five,31 Jul,Russ Hellickson,Russ Hellickson,60655,Ivan Yarygin,Ivan Yarygin,60536,Decision (19-13),Decision (19-13),,,,URS,URS_WIN,first_competitor_result,True,https://www.olympedia.org/results/127614,https://www.olympedia.org/results/127617,127614.html
olympedia-128006,128000,128006,1976 Summer Olympics,19,1976,Montreal,"Centre Pierre-Charbonneau, Parc olympique, Montréal, Québec",Wrestling,"Heavyweight, Greco-Roman, Men",Men,individual,Round Four,,Round Four,Round 4,23 Jul,Brad Rheingans,Brad Rheingans,60740,Nikolay Balboshin,Nikolay Balboshin,60448,Fall (3:58),Fall (3:58),,,,URS,URS_WIN,first_competitor_result,True,https://www.olympedia.org/results/128000,https://www.olympedia.org/results/128006,128000.html
olympedia-127282,127248,127282,1976 Summer Olympics,19,1976,Montreal,"Aréna Maurice-Richard, Montréal, Québec / Centre Pierre-Charbonneau, Parc olympique, Montréal, Québec",Wrestling,"Light-Flyweight, Freestyle, Men",Men,individual,Round One,,Round One,Round 1,27 Jul,Billy Rosado,Billy Rosado,60747,Roman Dmitriyev,Roman Dmitriyev,60460,Fall (5:35),Fall (5:35),,,,URS,URS_WIN,first_competitor_result,True,https://www.olympedia.org/results/127248,https://www.olympedia.org/results/127282,127248.html
olympedia-127701,127684,127701,1976 Summer Olympics,19,1976,Montreal,"Centre Pierre-Charbonneau, Parc olympique, Montréal, Québec",Wrestling,"Light-Flyweight, Greco-Roman, Men",Men,individual,Round Three,,Round Three,Round 3,22 Jul,Mike Farina,Mike Farina,60623,Aleksey Shumakov,Aleksey Shumakov,60538,Dq (5:50),Dq (5:50),,,,URS,URS_WIN,first_competitor_result,True,https://www.olympedia.org/results/127684,https://www.olympedia.org/results/127701,127684.html
olympedia-127566,127565,127566,1976 Summer Olympics,19,1976,Montreal,"Aréna Maurice-Richard, Montréal, Québec / Centre Pierre-Charbonneau, Parc olympique, Montréal, Québec",Wrestling,"Light-Heavyweight, Freestyle, Men",Men,individual,Final Round,,Final Round,Final,31 Jul 22:05,Ben Peterson,Ben Peterson,60733,Levan Tediashvili,Levan Tediashvili,60545,Decision (11-5),Decision (11-5),,,,URS,URS_WIN,first_competitor_result,True,https://www.olympedia.org/results/127565,https://www.olympedia.org/results/127566,127565.html
olympedia-127429,127425,127429,1976 Summer Olympics,19,1976,Montreal,"Aréna Maurice-Richard, Montréal, Québec / Centre Pierre-Charbonneau, Parc olympique, Montréal, Québec",Wrestling,"Lightweight, Freestyle, Men",Men,individual,Final Round,,Final Round,Final,31 Jul,Butch Keaser,Butch Keaser,60676,Pavel Pinigin,Pavel Pinigin,60516,Decision (12-1),Decision (12-1),,,,URS,URS_WIN,first_competitor_result,True,https://www.olympedia.org/results/127425,https://www.olympedia.org/results/127429,127425.html
olympedia-127530,127524,127530,1976 Summer Olympics,19,1976,Montreal,"Aréna Maurice-Richard, Montréal, Québec / Centre Pierre-Charbonneau, Parc olympique, Montréal, Québec",Wrestling,"Middleweight, Freestyle, Men",Men,individual,Round Five,,Round Five,Round Five,31 Jul,John Peterson,John Peterson,60734,Viktor Novozhilov,Viktor Novozhilov,60512,Decision (20-4),Decision (20-4),,,,USA,USA_WIN,first_competitor_result,True,https://www.olympedia.org/results/127524,https://www.olympedia.org/results/127530,127524.html
olympedia-127668,127646,127668,1976 Summer Olympics,19,1976,Montreal,"Aréna Maurice-Richard, Montréal, Québec / Centre Pierre-Charbonneau, Parc olympique, Montréal, Québec",Wrestling,"Super-Heavyweight, Freestyle, Men",Men,individual,Round Two,,Round Two,Round 2,28 Jul,Jimmy Jackson,Jimmy Jackson,60669,Soslan Andiyev,Soslan Andiyev,60443,Fall (1:16),Fall (1:16),,,,URS,URS_WIN,first_competitor_result,True,https://www.olympedia.org/results/127646,https://www.olympedia.org/results/127668,127646.html
olympedia-127484,127478,127484,1976 Summer Olympics,19,1976,Montreal,"Aréna Maurice-Richard, Montréal, Québec / Centre Pierre-Charbonneau, Parc olympique, Montréal, Québec",Wrestling,"Welterweight, Freestyle, Men",Men,individual,Round Five,,Round Five,Round Five,30 Jul,Stan Dziedzic,Stan Dziedzic,60616,Ruslan Ashuraliyev,Ruslan Ashuraliyev,60445,Decision (9-6),Decision (9-6),,,,USA,USA_WIN,first_competitor_result,True,https://www.olympedia.org/results/127478,https://www.olympedia.org/results/127484,127478.html
olympedia-32655,32646,32655,1988 Summer Olympics,22,1988,Seoul,"Jam-sil Che-yuk-gwan, Seoul Sports Complex, Seoul",Basketball,"Basketball, Men",Men,team,Semi-Finals,,Semi-Finals,Semi-final,28 Sep 12:00,United States,United States,,Soviet Union,Soviet Union,,82 – 76,82 – 76,76 – 82,76,82,URS,URS_WIN,numeric_score,True,https://www.olympedia.org/results/32646,https://www.olympedia.org/results/32655,32646.html
olympedia-32709,32701,32709,1988 Summer Olympics,22,1988,Seoul,"Jam-sil Che-yuk-gwan, Seoul Sports Complex, Seoul",Basketball,"Basketball, Women",Women,team,Semi-Finals,,Semi-Finals,Semi-final,27 Sep 11:45,United States,United States,,Soviet Union,Soviet Union,,102 – 88,102 – 88,102 – 88,102,88,USA,USA_WIN,numeric_score,True,https://www.olympedia.org/results/32701,https://www.olympedia.org/results/32709,32701.html
olympedia-26014,26012,26014,1988 Summer Olympics,22,1988,Seoul,"Jam-sil Hak-saeng Che-yuk-gwan, Seoul Sports Complex, Seoul",Boxing,"Light-Heavyweight, Men",Men,individual,Final Round,,Final Round,Final,02 Oct,Andrew Maynard,Andrew Maynard,8726,Nurmagomed Shanavazov,Nurmagomed Shanavazov,8543,Decision,Decision,,,,USA,USA_WIN,first_competitor_result,True,https://www.olympedia.org/results/26012,https://www.olympedia.org/results/26014,26012.html
olympedia-25937,25929,25937,1988 Summer Olympics,22,1988,Seoul,"Jam-sil Hak-saeng Che-yuk-gwan, Seoul Sports Complex, Seoul",Boxing,"Light-Middleweight, Men",Men,individual,Quarter-Finals,,Quarter-Finals,Quarter-final,28 Sep,"Roy Jones, Jr.","Roy Jones, Jr.",8704,Yevgeny Zaytsev,Yevgeny Zaytsev,8567,Decision,Decision,,,,USA,USA_WIN,first_competitor_result,True,https://www.olympedia.org/results/25929,https://www.olympedia.org/results/25937,25929.html
olympedia-26071,26067,26071,1988 Summer Olympics,22,1988,Seoul,"Jam-sil Hak-saeng Che-yuk-gwan, Seoul Sports Complex, Seoul",Boxing,"Super-Heavyweight, Men",Men,individual,Semi-Finals,,Semi-Finals,Semi-final,29 Sep,Riddick Bowe,Riddick Bowe,8625,Alex Miroshnichenko,Alex Miroshnichenko,8519,Decision,Decision,,,,USA,USA_WIN,first_competitor_result,True,https://www.olympedia.org/results/26067,https://www.olympedia.org/results/26071,26067.html
olympedia-108859,108488,108859,1988 Summer Olympics,22,1988,Seoul,"Pen-sing Gyeong-ji-jang, Ol-lim-pik Gong-won, Seoul",Fencing,"Foil, Individual, Men",Men,individual,Round One,Pool #7,Round One / Pool #7,Round 1 / Pool 7,20 Sep,Dave Littell,Dave Littell,23739,Aleksandr Romankov,Aleksandr Romankov,23596,5 – 2,5 – 2,2 – 5,2,5,URS,URS_WIN,numeric_score,True,https://www.olympedia.org/results/108488,https://www.olympedia.org/results/108859,108488.html
olympedia-108740,108488,108740,1988 Summer Olympics,22,1988,Seoul,"Pen-sing Gyeong-ji-jang, Ol-lim-pik Gong-won, Seoul",Fencing,"Foil, Individual, Men",Men,individual,Round Two,Pool #6,Round Two / Pool #6,Round 2 / Pool 6,20 Sep,Dave Littell,Dave Littell,23739,Boris Koretsky,Boris Koretsky,23568,5 – 4,5 – 4,4 – 5,4,5,URS,URS_WIN,numeric_score,True,https://www.olympedia.org/results/108488,https://www.olympedia.org/results/108740,108488.html
olympedia-108506,108488,108506,1988 Summer Olympics,22,1988,Seoul,"Pen-sing Gyeong-ji-jang, Ol-lim-pik Gong-won, Seoul",Fencing,"Foil, Individual, Men",Men,individual,Round Four Repêchage,,Round Four Repêchage,Round Four Repêchage,21 Sep,Peter Lewison,Peter Lewison,23738,Aleksandr Romankov,Aleksandr Romankov,23596,10 – 1,10 – 1,1 – 10,1,10,URS,URS_WIN,numeric_score,True,https://www.olympedia.org/results/108488,https://www.olympedia.org/results/108506,108488.html
olympedia-111616,111376,111616,1988 Summer Olympics,22,1988,Seoul,"Pen-sing Gyeong-ji-jang, Ol-lim-pik Gong-won, Seoul",Fencing,"Foil, Individual, Women",Women,individual,Round One,Pool #4,Round One / Pool #4,Round 1 / Pool 4,21 Sep,Mary O'Neill,Mary O'Neill,21013,Tatyana Sadovskaya,Tatyana Sadovskaya,20974,5 – 4,5 – 4,4 – 5,4,5,URS,URS_WIN,numeric_score,True,https://www.olympedia.org/results/111376,https://www.olympedia.org/results/111616,111376.html
olympedia-111484,111376,111484,1988 Summer Olympics,22,1988,Seoul,"Pen-sing Gyeong-ji-jang, Ol-lim-pik Gong-won, Seoul",Fencing,"Foil, Individual, Women",Women,individual,Round Two,Pool #1,Round Two / Pool #1,Round 2 / Pool 1,21 Sep,Mary O'Neill,Mary O'Neill,21013,Yelena Glikina,Yelena Glikina,20962,5 – 2,5 – 2,2 – 5,2,5,URS,URS_WIN,numeric_score,True,https://www.olympedia.org/results/111376,https://www.olympedia.org/results/111484,111376.html
olympedia-111516,111376,111516,1988 Summer Olympics,22,1988,Seoul,"Pen-sing Gyeong-ji-jang, Ol-lim-pik Gong-won, Seoul",Fencing,"Foil, Individual, Women",Women,individual,Round Two,Pool #3,Round Two / Pool #3,Round 2 / Pool 3,21 Sep,Sharon Monplaisir,Sharon Monplaisir,21010,Tatyana Sadovskaya,Tatyana Sadovskaya,20974,5 – 0,5 – 0,0 – 5,0,5,URS,URS_WIN,numeric_score,True,https://www.olympedia.org/results/111376,https://www.olympedia.org/results/111516,111376.html
olympedia-109506,109473,109506,1988 Summer Olympics,22,1988,Seoul,"Pen-sing Gyeong-ji-jang, Ol-lim-pik Gong-won, Seoul",Fencing,"Sabre, Individual, Men",Men,individual,Round One,,Round One,Round 1,23 Sep,Steve Mormando,Steve Mormando,23763,Andrey Alshan,Andrey Alshan,23551,10 – 1,10 – 1,1 – 10,1,10,URS,URS_WIN,numeric_score,True,https://www.olympedia.org/results/109473,https://www.olympedia.org/results/109506,109473.html
olympedia-109675,109473,109675,1988 Summer Olympics,22,1988,Seoul,"Pen-sing Gyeong-ji-jang, Ol-lim-pik Gong-won, Seoul",Fencing,"Sabre, Individual, Men",Men,individual,Round One,Pool #2,Round One / Pool #2,Round 1 / Pool 2,22 Sep,Mike Lofton,Mike Lofton,23740,Georgy Pogosov,Georgy Pogosov,23593,5 – 4,5 – 4,4 – 5,4,5,URS,URS_WIN,numeric_score,True,https://www.olympedia.org/results/109473,https://www.olympedia.org/results/109675,109473.html
olympedia-109713,109473,109713,1988 Summer Olympics,22,1988,Seoul,"Pen-sing Gyeong-ji-jang, Ol-lim-pik Gong-won, Seoul",Fencing,"Sabre, Individual, Men",Men,individual,Round One,Pool #4,Round One / Pool #4,Round 1 / Pool 4,22 Sep,Peter Westbrook,Peter Westbrook,23819,Andrey Alshan,Andrey Alshan,23551,5 – 4,5 – 4,4 – 5,4,5,URS,URS_WIN,numeric_score,True,https://www.olympedia.org/results/109473,https://www.olympedia.org/results/109713,109473.html
olympedia-109624,109473,109624,1988 Summer Olympics,22,1988,Seoul,"Pen-sing Gyeong-ji-jang, Ol-lim-pik Gong-won, Seoul",Fencing,"Sabre, Individual, Men",Men,individual,Round Two,Pool #5,Round Two / Pool #5,Round 2 / Pool 5,22 Sep,Peter Westbrook,Peter Westbrook,23819,Georgy Pogosov,Georgy Pogosov,23593,5 – 3,5 – 3,3 – 5,3,5,URS,URS_WIN,numeric_score,True,https://www.olympedia.org/results/109473,https://www.olympedia.org/results/109624,109473.html
olympedia-109569,109473,109569,1988 Summer Olympics,22,1988,Seoul,"Pen-sing Gyeong-ji-jang, Ol-lim-pik Gong-won, Seoul",Fencing,"Sabre, Individual, Men",Men,individual,Round Three,Pool #4,Round Three / Pool #4,Round 3 / Pool 4,22 Sep,Peter Westbrook,Peter Westbrook,23819,Georgy Pogosov,Georgy Pogosov,23593,5 – 4,5 – 4,4 – 5,4,5,URS,URS_WIN,numeric_score,True,https://www.olympedia.org/results/109473,https://www.olympedia.org/results/109569,109473.html
olympedia-109033,108952,109033,1988 Summer Olympics,22,1988,Seoul,"Pen-sing Gyeong-ji-jang, Ol-lim-pik Gong-won, Seoul",Fencing,"Épée, Individual, Men",Men,individual,Round Three,Pool #1,Round Three / Pool #1,Round 3 / Pool 1,23 Sep,Stephen Trevor,Stephen Trevor,23811,Mikhail Tishko,Mikhail Tishko,23615,5 – 1,5 – 1,1 – 5,1,5,URS,URS_WIN,numeric_score,True,https://www.olympedia.org/results/108952,https://www.olympedia.org/results/109033,108952.html
olympedia-34048,34016,34048,1988 Summer Olympics,22,1988,Seoul,"Ol-lim-pik Ju-gyeong-gi-jang, Seoul Sports Complex, Seoul / Gu-deog Un-dong-jang, Busan / Mu-deung Gyeong-gi-yang, Gwangju / Dae-gu Si-min Un-dong-jang, Daegu / Dae-jon Han-bat Jong-hab-un-dong-jang, Daejeon / Dong-dae-mun Un-dong-jang, Seoul",Football,"Football, Men",Men,team,Preliminary Round,Group C,Preliminary Round / Group C,Preliminary Round / Group C,22 Sep 17:00,United States,United States,,Soviet Union,Soviet Union,,4 – 2,4 – 2,2 – 4,2,4,URS,URS_WIN,numeric_score,True,https://www.olympedia.org/results/34016,https://www.olympedia.org/results/34048,34016.html
olympedia-34759,34742,34759,1988 Summer Olympics,22,1988,Seoul,"Che-yuk-gwan, Ol-lim-pik Gong-won, Seoul / Su-won Sil-nae Che-yuk-gwan, Suwon",Handball,"Handball, Men",Men,team,Group A,,Group A,Group A,24 Sep 18:00,United States,"Driggers / Goss / Hillery / Janny / Johnson / Kessler / Kirk / Lash, Jr. / McVein / Oshita / Story / Sullivan",,Soviet Union,Tuchkin / Rymanov / Karshakevich / Nesterov / Sviridenko / Tyumentsev / Vasilyev / Lavrov / Atavin / Novickis / Chumak / Sharovarov,,26 – 14,26 – 14,14 – 26,14,26,URS,URS_WIN,numeric_score,True,https://www.olympedia.org/results/34742,https://www.olympedia.org/results/34759,34742.html
olympedia-16680,16634,16680,1988 Summer Olympics,22,1988,Seoul,"Jang-chung Che-yuk-gwan, Seoul",Judo,"Half-Middleweight, Men",Men,individual,Round Two,,Round Two,Round 2,28 Sep,Jason Morris,Jason Morris,34096,Bashir Varayev,Bashir Varayev,34492,Yusei-gachi,Yusei-gachi,,,,URS,URS_WIN,first_competitor_result,True,https://www.olympedia.org/results/16634,https://www.olympedia.org/results/16680,16634.html
olympedia-46934,46903,46934,1988 Summer Olympics,22,1988,Seoul,"Che-yuk-gwan, Seo-ul Dae-hak-gyo, Seoul",Table Tennis,"Singles, Women",Women,individual,Group A,,Group A,Group A,23 – 28 September 1988,Diana Gee,Diana Gee,2731,Olena Kovtun,Olena Kovtun,2712,3 – 0,3 – 0,0 – 3,0,3,URS,URS_WIN,numeric_score,True,https://www.olympedia.org/results/46903,https://www.olympedia.org/results/46934,46903.html
olympedia-46977,46903,46977,1988 Summer Olympics,22,1988,Seoul,"Che-yuk-gwan, Seo-ul Dae-hak-gyo, Seoul",Table Tennis,"Singles, Women",Women,individual,Group C,,Group C,Group C,23 – 28 September 1988,Insook Bhushan,Insook Bhushan,2722,Valentina Popova,Valentina Popova,2715,3 – 0,3 – 0,0 – 3,0,3,URS,URS_WIN,numeric_score,True,https://www.olympedia.org/results/46903,https://www.olympedia.org/results/46977,46903.html
olympedia-45065,45037,45065,1988 Summer Olympics,22,1988,Seoul,"Te-ni-seu-jang, Ol-lim-pik Gong-won, Seoul",Tennis,"Singles, Men",Men,individual,Round Two,,Round Two,Round 2,22 Sep,Brad Gilbert,Brad Gilbert (5),2762,Andrey Cherkasov,Andrey Cherkasov (Q),2718,"6-4, 1-6, 6-1, 6-2","6-4, 1-6, 6-1, 6-2","6 – 4, 1 – 6, 6 – 1, 6 – 2",3,1,USA,USA_WIN,set_score,True,https://www.olympedia.org/results/45037,https://www.olympedia.org/results/45065,45037.html
olympedia-37406,37404,37406,1988 Summer Olympics,22,1988,Seoul,"Jam-sil Che-yuk-gwan, Seoul Sports Complex, Seoul / Che-yuk-gwan, Han-yang Dae-hak-gyo, Seoul / Saemaul Sports Hall, Seoul",Volleyball,"Volleyball, Men",Men,team,Final Round,,Final Round,Final,02 Oct 12:00,United States,United States,,Soviet Union,Soviet Union,,"13-15, 15-10, 15-4, 15-8","13-15, 15-10, 15-4, 15-8","13 – 15, 15 – 10, 15 – 4, 15 – 8",3,1,USA,USA_WIN,set_score,True,https://www.olympedia.org/results/37404,https://www.olympedia.org/results/37406,37404.html
olympedia-38733,38727,38733,1988 Summer Olympics,22,1988,Seoul,"Su-yeong-jang, Ol-lim-pik Gong-won, Seoul / Jam-sil Su-yeong-jang, Seoul Sports Complex, Seoul",Water Polo,"Water Polo, Men",Men,team,Semi-Finals,,Semi-Finals,Semi-final,30 Sep 21:30,United States,United States,,Soviet Union,Soviet Union,,8 – 7,8 – 7,8 – 7,8,7,USA,USA_WIN,numeric_score,True,https://www.olympedia.org/results/38727,https://www.olympedia.org/results/38733,38727.html
olympedia-129775,129773,129775,1988 Summer Olympics,22,1988,Seoul,"Sang-mu Che-yuk-gwan, Seongnam",Wrestling,"Featherweight, Freestyle, Men",Men,individual,Final Round,,Final Round,Final,29 Sep,John Smith,John Smith,60764,Stepan Sargsyan,Stepan Sargsyan,60531,Decision (4-0),Decision (4-0),,,,USA,USA_WIN,first_competitor_result,True,https://www.olympedia.org/results/129773,https://www.olympedia.org/results/129775,129773.html
olympedia-130437,130430,130437,1988 Summer Olympics,22,1988,Seoul,"Sang-mu Che-yuk-gwan, Seongnam",Wrestling,"Featherweight, Greco-Roman, Men",Men,individual,Group A - Round Five,,Group A - Round Five,Group A - Round Five,19 Sep,Ike Anderson,Ike Anderson,60562,Kamandar Madzhydau,Kamandar Madzhydau,57352,Decision (2-1),Decision (2-1),,,,URS,URS_WIN,first_competitor_result,True,https://www.olympedia.org/results/130430,https://www.olympedia.org/results/130437,130430.html
olympedia-130745,130729,130745,1988 Summer Olympics,22,1988,Seoul,"Sang-mu Che-yuk-gwan, Seongnam",Wrestling,"Heavyweight, Greco-Roman, Men",Men,individual,Group A - Round Four,,Group A - Round Four,Group A - Round Four,20 Sep,Dennis Koslowski,Dennis Koslowski,60680,Guram Gedekhauri,Guram Gedekhauri,60467,Decision (5-4),Decision (5-4),,,,URS,URS_WIN,first_competitor_result,True,https://www.olympedia.org/results/130729,https://www.olympedia.org/results/130745,130729.html
olympedia-129574,129571,129574,1988 Summer Olympics,22,1988,Seoul,"Sang-mu Che-yuk-gwan, Seongnam",Wrestling,"Light-Flyweight, Freestyle, Men",Men,individual,Final Round,,Final Round,Final,29 Sep,Tim Vanni,Tim Vanni,60786,Sergey Karamchakov,Sergey Karamchakov,60482,Decision (3-1),Decision (3-1),,,,URS,URS_WIN,first_competitor_result,True,https://www.olympedia.org/results/129571,https://www.olympedia.org/results/129574,129571.html
olympedia-130533,130475,130533,1988 Summer Olympics,22,1988,Seoul,"Sang-mu Che-yuk-gwan, Seongnam",Wrestling,"Lightweight, Greco-Roman, Men",Men,individual,Group B - Round Three,,Group B - Round Three,Group B - Round Three,21 Sep,Andy Seras,Andy Seras,60759,Levon Julfalakyan,Levon Julfalakyan,60462,Decision (9-2),Decision (9-2),,,,URS,URS_WIN,first_competitor_result,True,https://www.olympedia.org/results/130475,https://www.olympedia.org/results/130533,130475.html
olympedia-130061,130015,130061,1988 Summer Olympics,22,1988,Seoul,"Sang-mu Che-yuk-gwan, Seongnam",Wrestling,"Middleweight, Freestyle, Men",Men,individual,Group B - Round Six,,Group B - Round Six,Group B - Round Six,01 Oct,Mark Schultz,Mark Schultz,60758,Aleksandr Tambovtsev,Aleksandr Tambovtsev,60542,Decision (7-3),Decision (7-3),,,,URS,URS_WIN,first_competitor_result,True,https://www.olympedia.org/results/130015,https://www.olympedia.org/results/130061,130015.html
olympedia-130231,130229,130231,1988 Summer Olympics,22,1988,Seoul,"Sang-mu Che-yuk-gwan, Seongnam",Wrestling,"Super-Heavyweight, Freestyle, Men",Men,individual,Final Round,,Final Round,Final,01 Oct,Bruce Baumgartner,Bruce Baumgartner,60571,Davit Gobejishvili,Davit Gobejishvili,60468,Decision (3-1),Decision (3-1),,,,URS,URS_WIN,first_competitor_result,True,https://www.olympedia.org/results/130229,https://www.olympedia.org/results/130231,130229.html
olympedia-130797,130789,130797,1988 Summer Olympics,22,1988,Seoul,"Sang-mu Che-yuk-gwan, Seongnam",Wrestling,"Super-Heavyweight, Greco-Roman, Men",Men,individual,Group A - Round Four,,Group A - Round Four,Group A - Round Four,21 Sep,Duane Koslowski,Duane Koslowski,60681,Aleksandr Karelin,Aleksandr Karelin,59868,Decision (15-0) (2:23),Decision (15-0) (2:23),,,,URS,URS_WIN,first_competitor_result,True,https://www.olympedia.org/results/130789,https://www.olympedia.org/results/130797,130789.html
olympedia-129933,129931,129933,1988 Summer Olympics,22,1988,Seoul,"Sang-mu Che-yuk-gwan, Seongnam",Wrestling,"Welterweight, Freestyle, Men",Men,individual,Final Round,,Final Round,Final,30 Sep,Kenny Monday,Kenny Monday,60715,Adlan Varayev,Adlan Varayev,60554,Decision (5-2) (6:42),Decision (5-2) (6:42),,,,USA,USA_WIN,first_competitor_result,True,https://www.olympedia.org/results/129931,https://www.olympedia.org/results/129933,129931.html
