Year,City,NOC,Country,GoldMedals,SilverMedals,BronzeMedals,TotalMedals,ParticipationStatus,BoycottBy
1952,Helsinki,ARG,Argentina,1.0,2.0,2.0,5.0,participated,
1952,Helsinki,AUS,Australia,6.0,2.0,3.0,11.0,participated,
1952,Helsinki,AUT,Austria,0.0,1.0,1.0,2.0,participated,
1952,Helsinki,BEL,Belgium,2.0,2.0,0.0,4.0,participated,
1952,Helsinki,BRA,Brazil,1.0,0.0,2.0,3.0,participated,
1952,Helsinki,BUL,Bulgaria,0.0,0.0,1.0,1.0,participated,
1952,Helsinki,CAN,Canada,1.0,2.0,0.0,3.0,participated,
1952,Helsinki,CHI,Chile,0.0,2.0,0.0,2.0,participated,
1952,Helsinki,DEN,Denmark,2.0,1.0,3.0,6.0,participated,
1952,Helsinki,EGY,Egypt,0.0,0.0,1.0,1.0,participated,
1952,Helsinki,ESP,Spain,0.0,1.0,0.0,1.0,participated,
1952,Helsinki,FIN,Finland,6.0,3.0,13.0,22.0,participated,
1952,Helsinki,FRA,France,6.0,6.0,6.0,18.0,participated,
1952,Helsinki,GBR,Great Britain,1.0,2.0,8.0,11.0,participated,
1952,Helsinki,GER,Germany,0.0,7.0,17.0,24.0,participated,
1952,Helsinki,HUN,Hungary,16.0,10.0,16.0,42.0,participated,
1952,Helsinki,IND,India,1.0,0.0,1.0,2.0,participated,
1952,Helsinki,IRI,Iran,0.0,3.0,4.0,7.0,participated,
1952,Helsinki,IRL,Ireland,0.0,1.0,0.0,1.0,participated,
1952,Helsinki,ITA,Italy,8.0,9.0,4.0,21.0,participated,
1952,Helsinki,JAM,Jamaica,2.0,3.0,0.0,5.0,participated,
1952,Helsinki,JPN,Japan,1.0,6.0,1.0,8.0,participated,
1952,Helsinki,KOR,South Korea,0.0,0.0,2.0,2.0,participated,
1952,Helsinki,LIB,Lebanon,0.0,1.0,1.0,2.0,participated,
1952,Helsinki,LUX,Luxembourg,1.0,0.0,0.0,1.0,participated,
1952,Helsinki,MEX,Mexico,0.0,1.0,0.0,1.0,participated,
1952,Helsinki,NED,Netherlands,0.0,5.0,0.0,5.0,participated,
1952,Helsinki,NOR,Norway,3.0,2.0,0.0,5.0,participated,
1952,Helsinki,NZL,New Zealand,1.0,0.0,2.0,3.0,participated,
1952,Helsinki,POL,Poland,1.0,2.0,1.0,4.0,participated,
1952,Helsinki,POR,Portugal,0.0,0.0,1.0,1.0,participated,
1952,Helsinki,ROU,Romania,1.0,1.0,2.0,4.0,participated,
1952,Helsinki,RSA,South Africa,2.0,4.0,4.0,10.0,participated,
1952,Helsinki,SUI,Switzerland,2.0,6.0,6.0,14.0,participated,
1952,Helsinki,SWE,Sweden,12.0,13.0,10.0,35.0,participated,
1952,Helsinki,TCH,Czechoslovakia,7.0,3.0,3.0,13.0,participated,
1952,Helsinki,TTO,Trinidad and Tobago,0.0,0.0,2.0,2.0,participated,
1952,Helsinki,TUR,Turkey,2.0,0.0,1.0,3.0,participated,
1952,Helsinki,URS,Soviet Union,22.0,29.0,19.0,70.0,participated,
1952,Helsinki,URU,Uruguay,0.0,0.0,2.0,2.0,participated,
1952,Helsinki,USA,United States,40.0,19.0,17.0,76.0,participated,
1952,Helsinki,VEN,Venezuela,0.0,0.0,1.0,1.0,participated,
1952,Helsinki,YUG,Yugoslavia,1.0,2.0,0.0,3.0,participated,
1956,Melbourne / Stockholm,ARG,Argentina,0.0,1.0,1.0,2.0,participated,
1956,Melbourne / Stockholm,AUS,Australia,13.0,8.0,14.0,35.0,participated,
1956,Melbourne / Stockholm,AUT,Austria,0.0,0.0,2.0,2.0,participated,
1956,Melbourne,BAH,Bahamas,0.0,0.0,1.0,1.0,participated,
1956,Melbourne / Stockholm,BEL,Belgium,0.0,2.0,0.0,2.0,participated,
1956,Melbourne / Stockholm,BRA,Brazil,1.0,0.0,0.0,1.0,participated,
1956,Melbourne / Stockholm,BUL,Bulgaria,1.0,3.0,1.0,5.0,participated,
1956,Melbourne / Stockholm,CAN,Canada,2.0,1.0,3.0,6.0,participated,
1956,Melbourne,CHI,Chile,0.0,2.0,2.0,4.0,participated,
1956,Stockholm / Melbourne,DEN,Denmark,1.0,2.0,1.0,4.0,participated,
1956,Stockholm / Melbourne,FIN,Finland,3.0,1.0,11.0,15.0,participated,
1956,Melbourne / Stockholm,FRA,France,4.0,4.0,6.0,14.0,participated,
1956,Melbourne / Stockholm,GBR,Great Britain,6.0,7.0,11.0,24.0,participated,
1956,Melbourne / Stockholm,GER,United Team of Germany,6.0,13.0,7.0,26.0,participated,
1956,Melbourne,GRE,Greece,0.0,0.0,1.0,1.0,participated,
1956,Melbourne / Stockholm,HUN,Hungary,9.0,10.0,7.0,26.0,participated,
1956,Melbourne,IND,India,1.0,0.0,0.0,1.0,participated,
1956,Melbourne,IRI,Iran,2.0,2.0,1.0,5.0,participated,
1956,Stockholm / Melbourne,IRL,Ireland,1.0,1.0,3.0,5.0,participated,
1956,Melbourne,ISL,Iceland,0.0,1.0,0.0,1.0,participated,
1956,Melbourne / Stockholm,ITA,Italy,8.0,8.0,9.0,25.0,participated,
1956,Melbourne / Stockholm,JPN,Japan,4.0,10.0,3.0,17.0,participated,
1956,Melbourne,KOR,South Korea,0.0,1.0,1.0,2.0,participated,
1956,Melbourne,MEX,Mexico,1.0,0.0,1.0,2.0,participated,
1956,Melbourne / Stockholm,NOR,Norway,1.0,0.0,2.0,3.0,participated,
1956,Melbourne,NZL,New Zealand,2.0,0.0,0.0,2.0,participated,
1956,Melbourne,PAK,Pakistan,0.0,1.0,0.0,1.0,participated,
1956,Melbourne,POL,Poland,1.0,4.0,4.0,9.0,participated,
1956,Melbourne / Stockholm,ROU,Romania,5.0,3.0,5.0,13.0,participated,
1956,Melbourne,RSA,South Africa,0.0,0.0,4.0,4.0,participated,
1956,Stockholm,SUI,Switzerland,0.0,0.0,1.0,1.0,participated,
1956,Melbourne / Stockholm,SWE,Sweden,8.0,5.0,6.0,19.0,participated,
1956,Melbourne,TCH,Czechoslovakia,1.0,4.0,1.0,6.0,participated,
1956,Melbourne / Stockholm,TUR,Turkey,3.0,2.0,2.0,7.0,participated,
1956,Melbourne / Stockholm,URS,Soviet Union,37.0,29.0,32.0,98.0,participated,
1956,Melbourne,URU,Uruguay,0.0,0.0,1.0,1.0,participated,
1956,Melbourne / Stockholm,USA,United States,32.0,25.0,17.0,74.0,participated,
1956,Melbourne,YUG,Yugoslavia,0.0,3.0,0.0,3.0,participated,
1960,Roma,ARG,Argentina,0.0,1.0,1.0,2.0,participated,
1960,Roma,AUS,Australia,8.0,8.0,6.0,22.0,participated,
1960,Roma,AUT,Austria,1.0,1.0,0.0,2.0,participated,
1960,Roma,BEL,Belgium,0.0,2.0,2.0,4.0,participated,
1960,Roma,BRA,Brazil,0.0,0.0,2.0,2.0,participated,
1960,Roma,BUL,Bulgaria,1.0,3.0,3.0,7.0,participated,
1960,Roma,CAN,Canada,0.0,1.0,0.0,1.0,participated,
1960,Roma,DEN,Denmark,2.0,3.0,1.0,6.0,participated,
1960,Roma,ESP,Spain,0.0,0.0,1.0,1.0,participated,
1960,Roma,ETH,Ethiopia,1.0,0.0,0.0,1.0,participated,
1960,Roma,FIN,Finland,1.0,1.0,3.0,5.0,participated,
1960,Roma,FRA,France,0.0,2.0,3.0,5.0,participated,
1960,Roma,GBR,Great Britain,2.0,6.0,12.0,20.0,participated,
1960,Roma,GER,United Team of Germany,12.0,19.0,11.0,42.0,participated,
1960,Roma,GHA,Ghana,0.0,1.0,0.0,1.0,participated,
1960,Roma,GRE,Greece,1.0,0.0,0.0,1.0,participated,
1960,Roma,HUN,Hungary,6.0,8.0,7.0,21.0,participated,
1960,Roma,IND,India,0.0,1.0,0.0,1.0,participated,
1960,Roma,IRI,Iran,0.0,1.0,3.0,4.0,participated,
1960,Roma,IRQ,Iraq,0.0,0.0,1.0,1.0,participated,
1960,Roma,ITA,Italy,13.0,10.0,13.0,36.0,participated,
1960,Roma,JPN,Japan,4.0,7.0,7.0,18.0,participated,
1960,Roma,MAR,Morocco,0.0,1.0,0.0,1.0,participated,
1960,Roma,MEX,Mexico,0.0,0.0,1.0,1.0,participated,
1960,Roma,NED,Netherlands,0.0,1.0,2.0,3.0,participated,
1960,Roma,NOR,Norway,1.0,0.0,0.0,1.0,participated,
1960,Roma,NZL,New Zealand,2.0,0.0,1.0,3.0,participated,
1960,Roma,PAK,Pakistan,1.0,0.0,1.0,2.0,participated,
1960,Roma,POL,Poland,4.0,6.0,11.0,21.0,participated,
1960,Roma,POR,Portugal,0.0,1.0,0.0,1.0,participated,
1960,Roma,ROU,Romania,3.0,1.0,6.0,10.0,participated,
1960,Roma,RSA,South Africa,0.0,1.0,2.0,3.0,participated,
1960,Roma,SGP,Singapore,0.0,1.0,0.0,1.0,participated,
1960,Roma,SUI,Switzerland,0.0,3.0,3.0,6.0,participated,
1960,Roma,SWE,Sweden,1.0,2.0,3.0,6.0,participated,
1960,Roma,TCH,Czechoslovakia,3.0,2.0,3.0,8.0,participated,
1960,Roma,TPE,Chinese Taipei,0.0,1.0,0.0,1.0,participated,
1960,Roma,TUR,Turkey,7.0,2.0,0.0,9.0,participated,
1960,Roma,UAR,United Arab Republic,0.0,1.0,1.0,2.0,participated,
1960,Roma,URS,Soviet Union,43.0,29.0,31.0,103.0,participated,
1960,Roma,USA,United States,34.0,21.0,16.0,71.0,participated,
1960,Roma,VEN,Venezuela,0.0,0.0,1.0,1.0,participated,
1960,Roma,WIF,West Indies Federation,0.0,0.0,2.0,2.0,participated,
1960,Roma,YUG,Yugoslavia,1.0,1.0,0.0,2.0,participated,
1964,Tokyo,ARG,Argentina,0.0,1.0,0.0,1.0,participated,
1964,Tokyo,AUS,Australia,6.0,2.0,10.0,18.0,participated,
1964,Tokyo,BAH,Bahamas,1.0,0.0,0.0,1.0,participated,
1964,Tokyo,BEL,Belgium,2.0,0.0,1.0,3.0,participated,
1964,Tokyo,BRA,Brazil,0.0,0.0,1.0,1.0,participated,
1964,Tokyo,BUL,Bulgaria,3.0,5.0,2.0,10.0,participated,
1964,Tokyo,CAN,Canada,1.0,2.0,1.0,4.0,participated,
1964,Tokyo,CUB,Cuba,0.0,1.0,0.0,1.0,participated,
1964,Tokyo,DEN,Denmark,2.0,1.0,3.0,6.0,participated,
1964,Tokyo,ETH,Ethiopia,1.0,0.0,0.0,1.0,participated,
1964,Tokyo,FIN,Finland,3.0,0.0,2.0,5.0,participated,
1964,Tokyo,FRA,France,1.0,8.0,6.0,15.0,participated,
1964,Tokyo,GBR,Great Britain,4.0,12.0,2.0,18.0,participated,
1964,Tokyo,GER,United Team of Germany,10.0,22.0,18.0,50.0,participated,
1964,Tokyo,GHA,Ghana,0.0,0.0,1.0,1.0,participated,
1964,Tokyo,HUN,Hungary,10.0,7.0,5.0,22.0,participated,
1964,Tokyo,IND,India,1.0,0.0,0.0,1.0,participated,
1964,Tokyo,IRI,Iran,0.0,0.0,2.0,2.0,participated,
1964,Tokyo,IRL,Ireland,0.0,0.0,1.0,1.0,participated,
1964,Tokyo,ITA,Italy,10.0,10.0,7.0,27.0,participated,
1964,Tokyo,JPN,Japan,16.0,5.0,8.0,29.0,participated,
1964,Tokyo,KEN,Kenya,0.0,0.0,1.0,1.0,participated,
1964,Tokyo,KOR,South Korea,0.0,2.0,1.0,3.0,participated,
1964,Tokyo,MEX,Mexico,0.0,0.0,1.0,1.0,participated,
1964,Tokyo,NED,Netherlands,2.0,4.0,4.0,10.0,participated,
1964,Tokyo,NGR,Nigeria,0.0,0.0,1.0,1.0,participated,
1964,Tokyo,NZL,New Zealand,3.0,0.0,2.0,5.0,participated,
1964,Tokyo,PAK,Pakistan,0.0,1.0,0.0,1.0,participated,
1964,Tokyo,PHI,Philippines,0.0,1.0,0.0,1.0,participated,
1964,Tokyo,POL,Poland,7.0,6.0,10.0,23.0,participated,
1964,Tokyo,ROU,Romania,2.0,4.0,6.0,12.0,participated,
1964,Tokyo,SUI,Switzerland,1.0,2.0,1.0,4.0,participated,
1964,Tokyo,SWE,Sweden,2.0,2.0,4.0,8.0,participated,
1964,Tokyo,TCH,Czechoslovakia,5.0,6.0,3.0,14.0,participated,
1964,Tokyo,TTO,Trinidad and Tobago,0.0,1.0,2.0,3.0,participated,
1964,Tokyo,TUN,Tunisia,0.0,1.0,1.0,2.0,participated,
1964,Tokyo,TUR,Turkey,2.0,3.0,1.0,6.0,participated,
1964,Tokyo,URS,Soviet Union,30.0,30.0,33.0,93.0,participated,
1964,Tokyo,URU,Uruguay,0.0,0.0,1.0,1.0,participated,
1964,Tokyo,USA,United States,36.0,26.0,28.0,90.0,participated,
1964,Tokyo,YUG,Yugoslavia,2.0,1.0,2.0,5.0,participated,
1968,Mexico City,ARG,Argentina,0.0,0.0,2.0,2.0,participated,
1968,Mexico City,AUS,Australia,5.0,7.0,5.0,17.0,participated,
1968,Mexico City,AUT,Austria,0.0,2.0,2.0,4.0,participated,
1968,Mexico City,BEL,Belgium,0.0,1.0,1.0,2.0,participated,
1968,Mexico City,BRA,Brazil,0.0,1.0,2.0,3.0,participated,
1968,Mexico City,BUL,Bulgaria,2.0,4.0,3.0,9.0,participated,
1968,Mexico City,CAN,Canada,1.0,3.0,1.0,5.0,participated,
1968,Mexico City,CMR,Cameroon,0.0,1.0,0.0,1.0,participated,
1968,Mexico City,CUB,Cuba,0.0,4.0,0.0,4.0,participated,
1968,Mexico City,DEN,Denmark,1.0,4.0,3.0,8.0,participated,
1968,Mexico City,ETH,Ethiopia,1.0,1.0,0.0,2.0,participated,
1968,Mexico City,FIN,Finland,1.0,2.0,1.0,4.0,participated,
1968,Mexico City,FRA,France,7.0,3.0,5.0,15.0,participated,
1968,Mexico City,FRG,West Germany,5.0,11.0,10.0,26.0,participated,
1968,Mexico City,GBR,Great Britain,5.0,5.0,3.0,13.0,participated,
1968,Mexico City,GDR,East Germany,9.0,9.0,7.0,25.0,participated,
1968,Mexico City,GRE,Greece,0.0,0.0,1.0,1.0,participated,
1968,Mexico City,HUN,Hungary,10.0,10.0,12.0,32.0,participated,
1968,Mexico City,IND,India,0.0,0.0,1.0,1.0,participated,
1968,Mexico City,IRI,Iran,2.0,1.0,2.0,5.0,participated,
1968,Mexico City,ITA,Italy,3.0,4.0,9.0,16.0,participated,
1968,Mexico City,JAM,Jamaica,0.0,1.0,0.0,1.0,participated,
1968,Mexico City,JPN,Japan,11.0,7.0,7.0,25.0,participated,
1968,Mexico City,KEN,Kenya,3.0,4.0,2.0,9.0,participated,
1968,Mexico City,KOR,South Korea,0.0,1.0,1.0,2.0,participated,
1968,Mexico City,MEX,Mexico,3.0,3.0,3.0,9.0,participated,
1968,Mexico City,MGL,Mongolia,0.0,1.0,3.0,4.0,participated,
1968,Mexico City,NED,Netherlands,3.0,3.0,1.0,7.0,participated,
1968,Mexico City,NOR,Norway,1.0,1.0,0.0,2.0,participated,
1968,Mexico City,NZL,New Zealand,1.0,0.0,2.0,3.0,participated,
1968,Mexico City,PAK,Pakistan,1.0,0.0,0.0,1.0,participated,
1968,Mexico City,POL,Poland,5.0,2.0,11.0,18.0,participated,
1968,Mexico City,ROU,Romania,4.0,6.0,5.0,15.0,participated,
1968,Mexico City,SUI,Switzerland,0.0,1.0,4.0,5.0,participated,
1968,Mexico City,SWE,Sweden,2.0,1.0,1.0,4.0,participated,
1968,Mexico City,TCH,Czechoslovakia,7.0,2.0,4.0,13.0,participated,
1968,Mexico City,TPE,Chinese Taipei,0.0,0.0,1.0,1.0,participated,
1968,Mexico City,TUN,Tunisia,1.0,0.0,1.0,2.0,participated,
1968,Mexico City,TUR,Turkey,2.0,0.0,0.0,2.0,participated,
1968,Mexico City,UGA,Uganda,0.0,1.0,1.0,2.0,participated,
1968,Mexico City,URS,Soviet Union,29.0,32.0,30.0,91.0,participated,
1968,Mexico City,USA,United States,45.0,28.0,34.0,107.0,participated,
1968,Mexico City,VEN,Venezuela,1.0,0.0,0.0,1.0,participated,
1968,Mexico City,YUG,Yugoslavia,3.0,3.0,2.0,8.0,participated,
1972,Munich,ARG,Argentina,0.0,1.0,0.0,1.0,participated,
1972,Munich,AUS,Australia,8.0,7.0,2.0,17.0,participated,
1972,Munich,AUT,Austria,0.0,1.0,2.0,3.0,participated,
1972,Munich,BEL,Belgium,0.0,2.0,0.0,2.0,participated,
1972,Munich,BRA,Brazil,0.0,0.0,2.0,2.0,participated,
1972,Munich,BUL,Bulgaria,6.0,10.0,5.0,21.0,participated,
1972,Munich,CAN,Canada,0.0,2.0,3.0,5.0,participated,
1972,Munich,COL,Colombia,0.0,1.0,2.0,3.0,participated,
1972,Munich,CUB,Cuba,3.0,1.0,4.0,8.0,participated,
1972,Munich,DEN,Denmark,1.0,0.0,0.0,1.0,participated,
1972,Munich,ESP,Spain,0.0,0.0,1.0,1.0,participated,
1972,Munich,ETH,Ethiopia,0.0,0.0,2.0,2.0,participated,
1972,Munich,FIN,Finland,3.0,1.0,4.0,8.0,participated,
1972,Munich,FRA,France,2.0,4.0,7.0,13.0,participated,
1972,Munich,FRG,West Germany,13.0,11.0,16.0,40.0,participated,
1972,Munich,GBR,Great Britain,4.0,5.0,9.0,18.0,participated,
1972,Munich,GDR,East Germany,20.0,23.0,23.0,66.0,participated,
1972,Munich,GHA,Ghana,0.0,0.0,1.0,1.0,participated,
1972,Munich,GRE,Greece,0.0,2.0,0.0,2.0,participated,
1972,Munich,HUN,Hungary,6.0,13.0,16.0,35.0,participated,
1972,Munich,IND,India,0.0,0.0,1.0,1.0,participated,
1972,Munich,IRI,Iran,0.0,2.0,1.0,3.0,participated,
1972,Munich,ITA,Italy,5.0,3.0,10.0,18.0,participated,
1972,Munich,JAM,Jamaica,0.0,0.0,1.0,1.0,participated,
1972,Munich,JPN,Japan,13.0,8.0,8.0,29.0,participated,
1972,Munich,KEN,Kenya,2.0,3.0,4.0,9.0,participated,
1972,Munich,KOR,South Korea,0.0,1.0,0.0,1.0,participated,
1972,Munich,LIB,Lebanon,0.0,1.0,0.0,1.0,participated,
1972,Munich,MEX,Mexico,0.0,1.0,0.0,1.0,participated,
1972,Munich,MGL,Mongolia,0.0,1.0,0.0,1.0,participated,
1972,Munich,NED,Netherlands,3.0,1.0,1.0,5.0,participated,
1972,Munich,NGR,Nigeria,0.0,0.0,1.0,1.0,participated,
1972,Munich,NIG,Niger,0.0,0.0,1.0,1.0,participated,
1972,Munich,NOR,Norway,2.0,1.0,1.0,4.0,participated,
1972,Munich,NZL,New Zealand,1.0,1.0,1.0,3.0,participated,
1972,Munich,PAK,Pakistan,0.0,1.0,0.0,1.0,participated,
1972,Munich,POL,Poland,7.0,5.0,9.0,21.0,participated,
1972,Munich,PRK,North Korea,1.0,1.0,3.0,5.0,participated,
1972,Munich,ROU,Romania,3.0,6.0,7.0,16.0,participated,
1972,Munich,SUI,Switzerland,0.0,3.0,0.0,3.0,participated,
1972,Munich,SWE,Sweden,4.0,6.0,6.0,16.0,participated,
1972,Munich,TCH,Czechoslovakia,2.0,4.0,2.0,8.0,participated,
1972,Munich,TUN,Tunisia,0.0,1.0,0.0,1.0,participated,
1972,Munich,TUR,Turkey,0.0,1.0,0.0,1.0,participated,
1972,Munich,UGA,Uganda,1.0,1.0,0.0,2.0,participated,
1972,Munich,URS,Soviet Union,50.0,27.0,22.0,99.0,participated,
1972,Munich,USA,United States,33.0,31.0,30.0,94.0,participated,
1972,Munich,YUG,Yugoslavia,2.0,1.0,2.0,5.0,participated,
1976,Montreal,AUS,Australia,0.0,1.0,4.0,5.0,participated,
1976,Montreal,AUT,Austria,0.0,0.0,1.0,1.0,participated,
1976,Montreal,BEL,Belgium,0.0,3.0,3.0,6.0,participated,
1976,Montreal,BER,Bermuda,0.0,0.0,1.0,1.0,participated,
1976,Montreal,BRA,Brazil,0.0,0.0,2.0,2.0,participated,
1976,Montreal,BUL,Bulgaria,6.0,9.0,7.0,22.0,participated,
1976,Montreal,CAN,Canada,0.0,5.0,6.0,11.0,participated,
1976,Montreal,CUB,Cuba,6.0,4.0,3.0,13.0,participated,
1976,Montreal,DEN,Denmark,1.0,0.0,2.0,3.0,participated,
1976,Montreal,ESP,Spain,0.0,2.0,0.0,2.0,participated,
1976,Montreal,FIN,Finland,4.0,2.0,0.0,6.0,participated,
1976,Montreal,FRA,France,2.0,3.0,4.0,9.0,participated,
1976,Montreal,FRG,West Germany,10.0,12.0,17.0,39.0,participated,
1976,Montreal,GBR,Great Britain,3.0,5.0,5.0,13.0,participated,
1976,Montreal,GDR,East Germany,40.0,25.0,25.0,90.0,participated,
1976,Montreal,HUN,Hungary,4.0,5.0,13.0,22.0,participated,
1976,Montreal,IRI,Iran,0.0,1.0,1.0,2.0,participated,
1976,Montreal,ITA,Italy,2.0,7.0,4.0,13.0,participated,
1976,Montreal,JAM,Jamaica,1.0,1.0,0.0,2.0,participated,
1976,Montreal,JPN,Japan,9.0,6.0,10.0,25.0,participated,
1976,Montreal,KOR,South Korea,1.0,1.0,4.0,6.0,participated,
1976,Montreal,MEX,Mexico,1.0,0.0,1.0,2.0,participated,
1976,Montreal,MGL,Mongolia,0.0,1.0,0.0,1.0,participated,
1976,Montreal,NED,Netherlands,0.0,2.0,3.0,5.0,participated,
1976,Montreal,NOR,Norway,1.0,1.0,0.0,2.0,participated,
1976,Montreal,NZL,New Zealand,2.0,1.0,1.0,4.0,participated,
1976,Montreal,PAK,Pakistan,0.0,0.0,1.0,1.0,participated,
1976,Montreal,POL,Poland,7.0,6.0,13.0,26.0,participated,
1976,Montreal,POR,Portugal,0.0,2.0,0.0,2.0,participated,
1976,Montreal,PRK,North Korea,1.0,1.0,0.0,2.0,participated,
1976,Montreal,PUR,Puerto Rico,0.0,0.0,1.0,1.0,participated,
1976,Montreal,ROU,Romania,4.0,9.0,14.0,27.0,participated,
1976,Montreal,SUI,Switzerland,1.0,1.0,2.0,4.0,participated,
1976,Montreal,SWE,Sweden,4.0,1.0,0.0,5.0,participated,
1976,Montreal,TCH,Czechoslovakia,2.0,2.0,4.0,8.0,participated,
1976,Montreal,THA,Thailand,0.0,0.0,1.0,1.0,participated,
1976,Montreal,TTO,Trinidad and Tobago,1.0,0.0,0.0,1.0,participated,
1976,Montreal,URS,Soviet Union,49.0,41.0,35.0,125.0,participated,
1976,Montreal,USA,United States,34.0,35.0,25.0,94.0,participated,
1976,Montreal,VEN,Venezuela,0.0,1.0,0.0,1.0,participated,
1976,Montreal,YUG,Yugoslavia,2.0,3.0,3.0,8.0,participated,
1980,Moskva,AUS,Australia,2.0,2.0,5.0,9.0,participated,
1980,Moskva,AUT,Austria,1.0,2.0,1.0,4.0,participated,
1980,Moskva,BEL,Belgium,1.0,0.0,0.0,1.0,participated,
1980,Moskva,BRA,Brazil,2.0,0.0,2.0,4.0,participated,
1980,Moskva,BUL,Bulgaria,8.0,16.0,17.0,41.0,participated,
1980,Moskva,CUB,Cuba,8.0,7.0,5.0,20.0,participated,
1980,Moskva,DEN,Denmark,2.0,1.0,2.0,5.0,participated,
1980,Moskva,ESP,Spain,1.0,3.0,2.0,6.0,participated,
1980,Moskva,ETH,Ethiopia,2.0,0.0,2.0,4.0,participated,
1980,Moskva,FIN,Finland,3.0,1.0,4.0,8.0,participated,
1980,Moskva,FRA,France,6.0,5.0,3.0,14.0,participated,
1980,Moskva,GBR,Great Britain,5.0,7.0,9.0,21.0,participated,
1980,Moskva,GDR,East Germany,47.0,37.0,42.0,126.0,participated,
1980,Moskva,GRE,Greece,1.0,0.0,2.0,3.0,participated,
1980,Moskva,GUY,Guyana,0.0,0.0,1.0,1.0,participated,
1980,Moskva,HUN,Hungary,7.0,10.0,15.0,32.0,participated,
1980,Moskva,IND,India,1.0,0.0,0.0,1.0,participated,
1980,Moskva,IRL,Ireland,0.0,1.0,1.0,2.0,participated,
1980,Moskva,ITA,Italy,8.0,3.0,4.0,15.0,participated,
1980,Moskva,JAM,Jamaica,0.0,0.0,3.0,3.0,participated,
1980,Moskva,LIB,Lebanon,0.0,0.0,1.0,1.0,participated,
1980,Moskva,MEX,Mexico,0.0,1.0,3.0,4.0,participated,
1980,Moskva,MGL,Mongolia,0.0,2.0,2.0,4.0,participated,
1980,Moskva,NED,Netherlands,0.0,1.0,2.0,3.0,participated,
1980,Moskva,POL,Poland,3.0,14.0,15.0,32.0,participated,
1980,Moskva,PRK,North Korea,0.0,3.0,2.0,5.0,participated,
1980,Moskva,ROU,Romania,6.0,6.0,13.0,25.0,participated,
1980,Moskva,SUI,Switzerland,2.0,0.0,0.0,2.0,participated,
1980,Moskva,SWE,Sweden,3.0,3.0,6.0,12.0,participated,
1980,Moskva,TAN,Tanzania,0.0,2.0,0.0,2.0,participated,
1980,Moskva,TCH,Czechoslovakia,2.0,3.0,9.0,14.0,participated,
1980,Moskva,UGA,Uganda,0.0,1.0,0.0,1.0,participated,
1980,Moskva,URS,Soviet Union,80.0,69.0,46.0,195.0,participated,
1980,Moskva,USA,United States,,,,,boycott,USA
1980,Moskva,VEN,Venezuela,0.0,1.0,0.0,1.0,participated,
1980,Moskva,YUG,Yugoslavia,2.0,3.0,4.0,9.0,participated,
1980,Moskva,ZIM,Zimbabwe,1.0,0.0,0.0,1.0,participated,
1984,Los Angeles,ALG,Algeria,0.0,0.0,2.0,2.0,participated,
1984,Los Angeles,AUS,Australia,4.0,8.0,12.0,24.0,participated,
1984,Los Angeles,AUT,Austria,1.0,1.0,1.0,3.0,participated,
1984,Los Angeles,BEL,Belgium,1.0,1.0,2.0,4.0,participated,
1984,Los Angeles,BRA,Brazil,1.0,5.0,2.0,8.0,participated,
1984,Los Angeles,CAN,Canada,10.0,18.0,16.0,44.0,participated,
1984,Los Angeles,CHN,China,15.0,8.0,9.0,32.0,participated,
1984,Los Angeles,CIV,Cote d'Ivoire,0.0,1.0,0.0,1.0,participated,
1984,Los Angeles,CMR,Cameroon,0.0,0.0,1.0,1.0,participated,
1984,Los Angeles,COL,Colombia,0.0,1.0,0.0,1.0,participated,
1984,Los Angeles,DEN,Denmark,0.0,3.0,3.0,6.0,participated,
1984,Los Angeles,DOM,Dominican Republic,0.0,0.0,1.0,1.0,participated,
1984,Los Angeles,EGY,Egypt,0.0,1.0,0.0,1.0,participated,
1984,Los Angeles,ESP,Spain,1.0,2.0,2.0,5.0,participated,
1984,Los Angeles,FIN,Finland,4.0,2.0,6.0,12.0,participated,
1984,Los Angeles,FRA,France,5.0,7.0,16.0,28.0,participated,
1984,Los Angeles,FRG,West Germany,17.0,19.0,23.0,59.0,participated,
1984,Los Angeles,GBR,Great Britain,5.0,11.0,21.0,37.0,participated,
1984,Los Angeles,GRE,Greece,0.0,1.0,1.0,2.0,participated,
1984,Los Angeles,IRL,Ireland,0.0,1.0,0.0,1.0,participated,
1984,Los Angeles,ISL,Iceland,0.0,0.0,1.0,1.0,participated,
1984,Los Angeles,ITA,Italy,14.0,6.0,12.0,32.0,participated,
1984,Los Angeles,JAM,Jamaica,0.0,1.0,2.0,3.0,participated,
1984,Los Angeles,JPN,Japan,10.0,7.0,14.0,31.0,participated,
1984,Los Angeles,KEN,Kenya,1.0,0.0,2.0,3.0,participated,
1984,Los Angeles,KOR,South Korea,6.0,6.0,7.0,19.0,participated,
1984,Los Angeles,MAR,Morocco,2.0,0.0,0.0,2.0,participated,
1984,Los Angeles,MEX,Mexico,2.0,3.0,1.0,6.0,participated,
1984,Los Angeles,NED,Netherlands,5.0,2.0,6.0,13.0,participated,
1984,Los Angeles,NGR,Nigeria,0.0,1.0,1.0,2.0,participated,
1984,Los Angeles,NOR,Norway,0.0,1.0,2.0,3.0,participated,
1984,Los Angeles,NZL,New Zealand,8.0,1.0,2.0,11.0,participated,
1984,Los Angeles,PAK,Pakistan,1.0,0.0,0.0,1.0,participated,
1984,Los Angeles,PER,Peru,0.0,1.0,0.0,1.0,participated,
1984,Los Angeles,POR,Portugal,1.0,0.0,2.0,3.0,participated,
1984,Los Angeles,PUR,Puerto Rico,0.0,1.0,1.0,2.0,participated,
1984,Los Angeles,ROU,Romania,19.0,16.0,17.0,52.0,participated,
1984,Los Angeles,SUI,Switzerland,0.0,4.0,4.0,8.0,participated,
1984,Los Angeles,SWE,Sweden,2.0,11.0,6.0,19.0,participated,
1984,Los Angeles,SYR,Syria,0.0,1.0,0.0,1.0,participated,
1984,Los Angeles,THA,Thailand,0.0,1.0,0.0,1.0,participated,
1984,Los Angeles,TPE,Chinese Taipei,0.0,0.0,1.0,1.0,participated,
1984,Los Angeles,TUR,Turkey,0.0,0.0,3.0,3.0,participated,
1984,Los Angeles,URS,Soviet Union,,,,,boycott,URS
1984,Los Angeles,USA,United States,82.0,61.0,30.0,173.0,participated,
1984,Los Angeles,VEN,Venezuela,0.0,0.0,3.0,3.0,participated,
1984,Los Angeles,YUG,Yugoslavia,7.0,4.0,7.0,18.0,participated,
1984,Los Angeles,ZAM,Zambia,0.0,0.0,1.0,1.0,participated,
1988,Seoul,AHO,Netherlands Antilles,0.0,1.0,0.0,1.0,participated,
1988,Seoul,ARG,Argentina,0.0,1.0,1.0,2.0,participated,
1988,Seoul,AUS,Australia,3.0,6.0,5.0,14.0,participated,
1988,Seoul,AUT,Austria,1.0,0.0,0.0,1.0,participated,
1988,Seoul,BEL,Belgium,0.0,0.0,2.0,2.0,participated,
1988,Seoul,BRA,Brazil,1.0,2.0,3.0,6.0,participated,
1988,Seoul,BUL,Bulgaria,10.0,12.0,13.0,35.0,participated,
1988,Seoul,CAN,Canada,3.0,2.0,5.0,10.0,participated,
1988,Seoul,CHI,Chile,0.0,1.0,0.0,1.0,participated,
1988,Seoul,CHN,China,5.0,11.0,12.0,28.0,participated,
1988,Seoul,COL,Colombia,0.0,0.0,1.0,1.0,participated,
1988,Seoul,CRC,Costa Rica,0.0,1.0,0.0,1.0,participated,
1988,Seoul,DEN,Denmark,2.0,1.0,1.0,4.0,participated,
1988,Seoul,DJI,Djibouti,0.0,0.0,1.0,1.0,participated,
1988,Seoul,ESP,Spain,1.0,1.0,2.0,4.0,participated,
1988,Seoul,FIN,Finland,1.0,1.0,2.0,4.0,participated,
1988,Seoul,FRA,France,6.0,4.0,6.0,16.0,participated,
1988,Seoul,FRG,West Germany,11.0,14.0,15.0,40.0,participated,
1988,Seoul,GBR,Great Britain,5.0,10.0,9.0,24.0,participated,
1988,Seoul,GDR,East Germany,37.0,35.0,30.0,102.0,participated,
1988,Seoul,GRE,Greece,0.0,0.0,1.0,1.0,participated,
1988,Seoul,HUN,Hungary,11.0,6.0,6.0,23.0,participated,
1988,Seoul,INA,Indonesia,0.0,1.0,0.0,1.0,participated,
1988,Seoul,IRI,Iran,0.0,1.0,0.0,1.0,participated,
1988,Seoul,ISV,United States Virgin Islands,0.0,1.0,0.0,1.0,participated,
1988,Seoul,ITA,Italy,6.0,4.0,4.0,14.0,participated,
1988,Seoul,JAM,Jamaica,0.0,2.0,0.0,2.0,participated,
1988,Seoul,JPN,Japan,4.0,3.0,7.0,14.0,participated,
1988,Seoul,KEN,Kenya,5.0,2.0,2.0,9.0,participated,
1988,Seoul,KOR,South Korea,12.0,10.0,11.0,33.0,participated,
1988,Seoul,MAR,Morocco,1.0,0.0,2.0,3.0,participated,
1988,Seoul,MEX,Mexico,0.0,0.0,2.0,2.0,participated,
1988,Seoul,MGL,Mongolia,0.0,0.0,1.0,1.0,participated,
1988,Seoul,NED,Netherlands,2.0,2.0,5.0,9.0,participated,
1988,Seoul,NOR,Norway,2.0,3.0,0.0,5.0,participated,
1988,Seoul,NZL,New Zealand,3.0,2.0,8.0,13.0,participated,
1988,Seoul,PAK,Pakistan,0.0,0.0,1.0,1.0,participated,
1988,Seoul,PER,Peru,0.0,1.0,0.0,1.0,participated,
1988,Seoul,PHI,Philippines,0.0,0.0,1.0,1.0,participated,
1988,Seoul,POL,Poland,2.0,5.0,9.0,16.0,participated,
1988,Seoul,POR,Portugal,1.0,0.0,0.0,1.0,participated,
1988,Seoul,ROU,Romania,7.0,11.0,6.0,24.0,participated,
1988,Seoul,SEN,Senegal,0.0,1.0,0.0,1.0,participated,
1988,Seoul,SUI,Switzerland,0.0,2.0,2.0,4.0,participated,
1988,Seoul,SUR,Suriname,1.0,0.0,0.0,1.0,participated,
1988,Seoul,SWE,Sweden,0.0,4.0,7.0,11.0,participated,
1988,Seoul,TCH,Czechoslovakia,3.0,3.0,2.0,8.0,participated,
1988,Seoul,THA,Thailand,0.0,0.0,1.0,1.0,participated,
1988,Seoul,TUR,Turkey,1.0,1.0,0.0,2.0,participated,
1988,Seoul,URS,Soviet Union,54.0,31.0,46.0,131.0,participated,
1988,Seoul,USA,United States,36.0,31.0,27.0,94.0,participated,
1988,Seoul,YUG,Yugoslavia,3.0,4.0,5.0,12.0,participated,
