EncounterId,Year,City,Sport,Event,EncounterType,USAParticipant,USSRParticipant,Winner,StageRaw,StageNormalized,ScoreRaw,USAScore,USSRScore,SourceName,SourceUrl,MatchSourceUrl,OlympediaResultId,OlympediaMatchId
olympedia-31971,1952,Helsinki,Basketball,"Basketball, Men",team,United States,Soviet Union,USA,Final Round,Final,36 – 25,36.0,25.0,Olympedia,https://www.olympedia.org/results/31969,https://www.olympedia.org/results/31971,31969,31971
olympedia-31990,1952,Helsinki,Basketball,"Basketball, Men",team,United States,Soviet Union,USA,Group B,Group B,86 – 58,86.0,58.0,Olympedia,https://www.olympedia.org/results/31969,https://www.olympedia.org/results/31990,31969,31990
olympedia-22598,1952,Helsinki,Boxing,"Light-Welterweight, Men",individual,Chuck Adkins,Viktor Mednov,USA,Final Round,Final,Decision,,,Olympedia,https://www.olympedia.org/results/22596,https://www.olympedia.org/results/22598,22596,22598
olympedia-123175,1952,Helsinki,Wrestling,"Bantamweight, Freestyle, Men",individual,Bill Borders,Rəşid Məmmədbəyov,USSR,Round Three,Round 3,Fall (10:40),,,Olympedia,https://www.olympedia.org/results/123159,https://www.olympedia.org/results/123175,123159,123175
olympedia-123221,1952,Helsinki,Wrestling,"Featherweight, Freestyle, Men",individual,Joe Henson,Ibrahim Dadashev,USA,Round Four,Round 4,Decision (2-1),,,Olympedia,https://www.olympedia.org/results/123202,https://www.olympedia.org/results/123221,123202,123221
olympedia-123137,1952,Helsinki,Wrestling,"Flyweight, Freestyle, Men",individual,Hugh Peery,Georgy Sayadov,USSR,Round Three,Round 3,Decision (3-0),,,Olympedia,https://www.olympedia.org/results/123126,https://www.olympedia.org/results/123137,123126,123137
olympedia-123405,1952,Helsinki,Wrestling,"Light-Heavyweight, Freestyle, Men",individual,Henry Wittenberg,August Englas,USA,Round Four,Round 4,Decision (3-0),,,Olympedia,https://www.olympedia.org/results/123396,https://www.olympedia.org/results/123405,123396,123405
olympedia-123384,1952,Helsinki,Wrestling,"Middleweight, Freestyle, Men",individual,Dan Hodge,Davit Tsimak'uridze,USSR,Round Two,Round 2,Fall (5:58),,,Olympedia,https://www.olympedia.org/results/123355,https://www.olympedia.org/results/123384,123355,123384
olympedia-32046,1956,Melbourne,Basketball,"Basketball, Men",team,United States,Soviet Union,USA,Final Round,Final,89 – 55,89.0,55.0,Olympedia,https://www.olympedia.org/results/32044,https://www.olympedia.org/results/32046,32044,32046
olympedia-32068,1956,Melbourne,Basketball,"Basketball, Men",team,United States,Soviet Union,USA,Group B,Group B,85 – 55,85.0,55.0,Olympedia,https://www.olympedia.org/results/32044,https://www.olympedia.org/results/32068,32044,32068
olympedia-22962,1956,Melbourne,Boxing,"Heavyweight, Men",individual,Pete Rademacher,Lev Mukhin,USA,Final Round,Final,Referee stops contest,,,Olympedia,https://www.olympedia.org/results/22960,https://www.olympedia.org/results/22962,22960,22962
olympedia-22949,1956,Melbourne,Boxing,"Light-Heavyweight, Men",individual,Jim Boyd,Romualdas Murauskas,USA,Semi-Finals,Semi-final,Decision,,,Olympedia,https://www.olympedia.org/results/22945,https://www.olympedia.org/results/22949,22945,22949
olympedia-922072,1956,Melbourne,Fencing,"Foil, Individual, Men",individual,Albie Axelrod,Mark Midler,USSR,Semi-Finals / Pool #1,Semi-final,5 – 2,2.0,5.0,Olympedia,https://www.olympedia.org/results/86748,https://www.olympedia.org/results/922072,86748,922072
olympedia-922073,1956,Melbourne,Fencing,"Foil, Individual, Men",individual,Albie Axelrod,Yury Rudov,USSR,Semi-Finals / Pool #1,Semi-final,5 – 4,4.0,5.0,Olympedia,https://www.olympedia.org/results/86748,https://www.olympedia.org/results/922073,86748,922073
olympedia-922116,1956,Melbourne,Fencing,"Foil, Individual, Men",individual,Hal Goldsmith,Yury Rudov,USSR,Round One / Pool #1,Round 1 / Pool 1,5 – 2,2.0,5.0,Olympedia,https://www.olympedia.org/results/86748,https://www.olympedia.org/results/922116,86748,922116
olympedia-922138,1956,Melbourne,Fencing,"Foil, Individual, Men",individual,Albie Axelrod,Iuri Osip'ovi,USSR,Round One / Pool #2,Round 1 / Pool 2,5 – 3,3.0,5.0,Olympedia,https://www.olympedia.org/results/86748,https://www.olympedia.org/results/922138,86748,922138
olympedia-922529,1956,Melbourne,Fencing,"Foil, Individual, Women",individual,Maxine Mitchell,Emma Yefimova,USSR,Semi-Finals / Pool #1,Semi-final,4 – 0,0.0,4.0,Olympedia,https://www.olympedia.org/results/86883,https://www.olympedia.org/results/922529,86883,922529
olympedia-922546,1956,Melbourne,Fencing,"Foil, Individual, Women",individual,Maxine Mitchell,Emma Yefimova,USSR,Round One / Pool #1,Round 1 / Pool 1,4 – 1,1.0,4.0,Olympedia,https://www.olympedia.org/results/86883,https://www.olympedia.org/results/922546,86883,922546
olympedia-922577,1956,Melbourne,Fencing,"Foil, Individual, Women",individual,Jan Romary,Nadezhda Shitikova,USA,Round One / Pool #2,Round 1 / Pool 2,4 – 2,4.0,2.0,Olympedia,https://www.olympedia.org/results/86883,https://www.olympedia.org/results/922577,86883,922577
olympedia-922609,1956,Melbourne,Fencing,"Foil, Individual, Women",individual,Judy Goodrich,Valentina Rastvorova,USSR,Round One / Pool #3,Round 1 / Pool 3,4 – 1,1.0,4.0,Olympedia,https://www.olympedia.org/results/86883,https://www.olympedia.org/results/922609,86883,922609
olympedia-86793,1956,Melbourne,Fencing,"Sabre, Individual, Men",individual,George Worth,Lev Kuznetsov,DRAW,"Quarter-Finals / Pool #4, Barrage 3-5",Quarter-final,1 – 1,1.0,1.0,Olympedia,https://www.olympedia.org/results/86781,https://www.olympedia.org/results/86793,86781,86793
olympedia-922349,1956,Melbourne,Fencing,"Épée, Individual, Men",individual,Kin Hoitsma,Arnold Chernushevich,USA,Quarter-Finals / Pool #2,Quarter-final,5 – 3,5.0,3.0,Olympedia,https://www.olympedia.org/results/86762,https://www.olympedia.org/results/922349,86762,922349
olympedia-922400,1956,Melbourne,Fencing,"Épée, Individual, Men",individual,Skip Shurtz,Arnold Chernushevich,USSR,Round One / Pool #1,Round 1 / Pool 1,5 – 3,3.0,5.0,Olympedia,https://www.olympedia.org/results/86762,https://www.olympedia.org/results/922400,86762,922400
olympedia-922474,1956,Melbourne,Fencing,"Épée, Individual, Men",individual,Kin Hoitsma,Juozas Udras,USA,Round One / Pool #4,Round 1 / Pool 4,5 – 3,5.0,3.0,Olympedia,https://www.olympedia.org/results/86762,https://www.olympedia.org/results/922474,86762,922474
olympedia-38313,1956,Melbourne,Water Polo,"Water Polo, Men",team,United States,Soviet Union,USSR,Final Round,Final,3 – 1,1.0,3.0,Olympedia,https://www.olympedia.org/results/38305,https://www.olympedia.org/results/38313,38305,38313
olympedia-123768,1956,Melbourne,Wrestling,"Flyweight, Freestyle, Men",individual,Dick Delgado,Mirian Tsalkalamanidze,USSR,Round One,Round 1,Decision (3-0),,,Olympedia,https://www.olympedia.org/results/123743,https://www.olympedia.org/results/123768,123743,123768
olympedia-123939,1956,Melbourne,Wrestling,"Light-Heavyweight, Freestyle, Men",individual,Pete Blair,Boris Kulayev,USSR,Round Six,Round Six,Decision (3-0),,,Olympedia,https://www.olympedia.org/results/123936,https://www.olympedia.org/results/123939,123936,123939
olympedia-123902,1956,Melbourne,Wrestling,"Middleweight, Freestyle, Men",individual,Dan Hodge,Giorgi Skhirt'ladze,USA,Final Round,Final,Fall (11:00),,,Olympedia,https://www.olympedia.org/results/123901,https://www.olympedia.org/results/123902,123901,123902
olympedia-32134,1960,Rome,Basketball,"Basketball, Men",team,United States,Soviet Union,USA,Group B,Group B,81 – 57,81.0,57.0,Olympedia,https://www.olympedia.org/results/32115,https://www.olympedia.org/results/32134,32115,32134
olympedia-23086,1960,Rome,Boxing,"Featherweight, Men",individual,Nick Spanakos,Boris Nikonorov,USSR,Round One,Round 1,Decision,,,Olympedia,https://www.olympedia.org/results/23053,https://www.olympedia.org/results/23086,23053,23086
olympedia-23273,1960,Rome,Boxing,"Light-Heavyweight, Men",individual,Cassius Clay,Gennady Shatkov,USA,Quarter-Finals,Quarter-final,Decision,,,Olympedia,https://www.olympedia.org/results/23266,https://www.olympedia.org/results/23273,23266,23273
olympedia-23212,1960,Rome,Boxing,"Light-Middleweight, Men",individual,Wilbert McClure,Boris Lagutin,USA,Semi-Finals,Semi-final,Decision,,,Olympedia,https://www.olympedia.org/results/23208,https://www.olympedia.org/results/23212,23208,23212
olympedia-86898,1960,Rome,Fencing,"Foil, Individual, Men",individual,Albie Axelrod,Viktor Zhdanovich,USSR,Final Pool,Final pool,5 – 2,2.0,5.0,Olympedia,https://www.olympedia.org/results/86895,https://www.olympedia.org/results/86898,86895,86898
olympedia-86904,1960,Rome,Fencing,"Foil, Individual, Men",individual,Albie Axelrod,Yury Sisikin,USSR,Final Pool,Final pool,5 – 2,2.0,5.0,Olympedia,https://www.olympedia.org/results/86895,https://www.olympedia.org/results/86904,86895,86904
olympedia-86910,1960,Rome,Fencing,"Foil, Individual, Men",individual,Albie Axelrod,Mark Midler,USA,Final Pool,Final pool,5 – 2,5.0,2.0,Olympedia,https://www.olympedia.org/results/86895,https://www.olympedia.org/results/86910,86895,86910
olympedia-86937,1960,Rome,Fencing,"Foil, Individual, Men",individual,Albie Axelrod,Viktor Zhdanovich,USSR,Semi-Finals / Pool #1,Semi-final,5 – 3,3.0,5.0,Olympedia,https://www.olympedia.org/results/86895,https://www.olympedia.org/results/86937,86895,86937
olympedia-86992,1960,Rome,Fencing,"Foil, Individual, Men",individual,Gene Glazer,Mark Midler,USSR,Quarter-Finals / Pool #2,Quarter-final,5 – 1,1.0,5.0,Olympedia,https://www.olympedia.org/results/86895,https://www.olympedia.org/results/86992,86895,86992
olympedia-87083,1960,Rome,Fencing,"Foil, Individual, Men",individual,"Joseph Paletta, Jr.",Viktor Zhdanovich,USSR,Round Two / Pool #3,Round 2 / Pool 3,5 – 0,0.0,5.0,Olympedia,https://www.olympedia.org/results/86895,https://www.olympedia.org/results/87083,86895,87083
olympedia-87156,1960,Rome,Fencing,"Foil, Individual, Men",individual,"Joseph Paletta, Jr.",Mark Midler,USA,Round One / Pool #1,Round 1 / Pool 1,5 – 4,5.0,4.0,Olympedia,https://www.olympedia.org/results/86895,https://www.olympedia.org/results/87156,86895,87156
olympedia-90092,1960,Rome,Fencing,"Foil, Individual, Women",individual,Evelyn Terhune,Valentina Rastvorova,USSR,Round One / Pool #5,Round 1 / Pool 5,4 – 2,2.0,4.0,Olympedia,https://www.olympedia.org/results/89864,https://www.olympedia.org/results/90092,89864,90092
olympedia-90161,1960,Rome,Fencing,"Foil, Individual, Women",individual,Harriet King,Aleksandra Zabelina,USSR,Round One / Pool #9,Round 1 / Pool 9,4 – 1,1.0,4.0,Olympedia,https://www.olympedia.org/results/89864,https://www.olympedia.org/results/90161,89864,90161
olympedia-87965,1960,Rome,Fencing,"Sabre, Individual, Men",individual,Allan Kwartler,David Tyshler,USSR,Quarter-Finals / Pool #1,Quarter-final,5 – 0,0.0,5.0,Olympedia,https://www.olympedia.org/results/87876,https://www.olympedia.org/results/87965,87876,87965
olympedia-87973,1960,Rome,Fencing,"Sabre, Individual, Men",individual,Alfonso Morales,Yakov Rylsky,USSR,Quarter-Finals / Pool #2,Quarter-final,5 – 2,2.0,5.0,Olympedia,https://www.olympedia.org/results/87876,https://www.olympedia.org/results/87973,87876,87973
olympedia-88103,1960,Rome,Fencing,"Sabre, Individual, Men",individual,Allan Kwartler,David Tyshler,USSR,Round Two / Pool #6,Round 2 / Pool 6,5 – 1,1.0,5.0,Olympedia,https://www.olympedia.org/results/87876,https://www.olympedia.org/results/88103,87876,88103
olympedia-124257,1960,Rome,Wrestling,"Bantamweight, Freestyle, Men",individual,Terry McCann,Mikhail Shakhov,USA,Round Five,Round Five,Fall (0:48),,,Olympedia,https://www.olympedia.org/results/124250,https://www.olympedia.org/results/124257,124250,124257
olympedia-124220,1960,Rome,Wrestling,"Flyweight, Freestyle, Men",individual,Gray Simons,Ali Aliyev,USA,Round Four,Round 4,Decision,,,Olympedia,https://www.olympedia.org/results/124208,https://www.olympedia.org/results/124220,124208,124220
olympedia-124588,1960,Rome,Wrestling,"Flyweight, Greco-Roman, Men",individual,Dick Wilson,Ivan Kochergin,DRAW,Round Two,Round 2,Draw,,,Olympedia,https://www.olympedia.org/results/124567,https://www.olympedia.org/results/124588,124567,124588
olympedia-124491,1960,Rome,Wrestling,"Light-Heavyweight, Freestyle, Men",individual,Dan Brand,Anatoly Albul,USSR,Round Five,Round Five,Decision,,,Olympedia,https://www.olympedia.org/results/124486,https://www.olympedia.org/results/124491,124486,124491
olympedia-124904,1960,Rome,Wrestling,"Light-Heavyweight, Greco-Roman, Men",individual,Howard George,Givi K'art'ozia,USSR,Round One,Round 1,Decision,,,Olympedia,https://www.olympedia.org/results/124873,https://www.olympedia.org/results/124904,124873,124904
olympedia-124360,1960,Rome,Wrestling,"Lightweight, Freestyle, Men",individual,Shelby Wilson,Vladimir Sinyavsky,USA,Round Four,Round 4,Decision,,,Olympedia,https://www.olympedia.org/results/124345,https://www.olympedia.org/results/124360,124345,124360
olympedia-124739,1960,Rome,Wrestling,"Lightweight, Greco-Roman, Men",individual,Ben Northrup,Avtandil Koridze,USSR,Round Two,Round 2,Decision,,,Olympedia,https://www.olympedia.org/results/124713,https://www.olympedia.org/results/124739,124713,124739
olympedia-124463,1960,Rome,Wrestling,"Middleweight, Freestyle, Men",individual,Ed DeWitt,Giorgi Skhirt'ladze,USA,Round Three,Round 3,Decision,,,Olympedia,https://www.olympedia.org/results/124446,https://www.olympedia.org/results/124463,124446,124463
olympedia-32189,1964,Tokyo,Basketball,"Basketball, Men",team,United States,Soviet Union,USA,Final Round,Final,73 – 59,73.0,59.0,Olympedia,https://www.olympedia.org/results/32187,https://www.olympedia.org/results/32189,32187,32189
olympedia-23619,1964,Tokyo,Boxing,"Heavyweight, Men",individual,Joe Frazier,Vadim Yemelyanov,USA,Semi-Finals,Semi-final,Referee stops contest,,,Olympedia,https://www.olympedia.org/results/23614,https://www.olympedia.org/results/23619,23614,23619
olympedia-23609,1964,Tokyo,Boxing,"Light-Heavyweight, Men",individual,Bob Christopherson,Aleksey Kiselyov,USSR,Round Two,Round 2,Decision,,,Olympedia,https://www.olympedia.org/results/23590,https://www.olympedia.org/results/23609,23590,23609
olympedia-23477,1964,Tokyo,Boxing,"Light-Welterweight, Men",individual,Charley Ellis,Yevgeny Frolov,USSR,Round Three,Round 3,Decision,,,Olympedia,https://www.olympedia.org/results/23459,https://www.olympedia.org/results/23477,23459,23477
olympedia-90693,1964,Tokyo,Fencing,"Foil, Individual, Men",individual,Herb Cohen,German Sveshnikov,USSR,Round One / Pool #1,Round 1 / Pool 1,5 – 2,2.0,5.0,Olympedia,https://www.olympedia.org/results/90541,https://www.olympedia.org/results/90693,90541,90693
olympedia-90830,1964,Tokyo,Fencing,"Foil, Individual, Men",individual,Albie Axelrod,Viktor Zhdanovich,USA,Round One / Pool #9,Round 1 / Pool 9,5 – 2,5.0,2.0,Olympedia,https://www.olympedia.org/results/90541,https://www.olympedia.org/results/90830,90541,90830
olympedia-93012,1964,Tokyo,Fencing,"Foil, Individual, Women",individual,Harriet King,Valentina Prudskova,USA,Quarter-Finals / Pool #1,Quarter-final,4 – 1,4.0,1.0,Olympedia,https://www.olympedia.org/results/92978,https://www.olympedia.org/results/93012,92978,93012
olympedia-93159,1964,Tokyo,Fencing,"Foil, Individual, Women",individual,Jan Romary,Galina Gorokhova,USA,Round One / Pool #4,Round 1 / Pool 4,4 – 3,4.0,3.0,Olympedia,https://www.olympedia.org/results/92978,https://www.olympedia.org/results/93159,92978,93159
olympedia-91294,1964,Tokyo,Fencing,"Sabre, Individual, Men",individual,Attila Keresztes,Yakov Rylsky,USSR,Quarter-Finals / Pool #1,Quarter-final,5 – 1,1.0,5.0,Olympedia,https://www.olympedia.org/results/91259,https://www.olympedia.org/results/91294,91259,91294
olympedia-91352,1964,Tokyo,Fencing,"Sabre, Individual, Men",individual,Tom Orley,Mark Rakita,USSR,Quarter-Finals / Pool #3,Quarter-final,5 – 3,3.0,5.0,Olympedia,https://www.olympedia.org/results/91259,https://www.olympedia.org/results/91352,91259,91352
olympedia-90924,1964,Tokyo,Fencing,"Épée, Individual, Men",individual,David Micahnik,Grigory Kriss,USA,Quarter-Finals / Pool #2,Quarter-final,5 – 2,5.0,2.0,Olympedia,https://www.olympedia.org/results/90845,https://www.olympedia.org/results/90924,90845,90924
olympedia-15104,1964,Tokyo,Judo,"Heavyweight, Men",individual,George Harris,Parnaoz Chik'viladze,USSR,Pool B,Pool,Waza-ari,,,Olympedia,https://www.olympedia.org/results/15091,https://www.olympedia.org/results/15104,15091,15104
olympedia-37036,1964,Tokyo,Volleyball,"Volleyball, Men",team,United States,Soviet Union,USSR,Round-Robin,Round-Robin,"15-6, 15-5, 15-4",0.0,3.0,Olympedia,https://www.olympedia.org/results/37000,https://www.olympedia.org/results/37036,37000,37036
olympedia-37059,1964,Tokyo,Volleyball,"Volleyball, Women",team,United States,Soviet Union,USSR,Round-Robin,Round-Robin,"15-1, 15-8, 15-7",0.0,3.0,Olympedia,https://www.olympedia.org/results/37048,https://www.olympedia.org/results/37059,37048,37059
olympedia-125038,1964,Tokyo,Wrestling,"Featherweight, Freestyle, Men",individual,Bobby Douglas,Nodar Khokhashvili,USSR,Round Four,Round 4,Decision,,,Olympedia,https://www.olympedia.org/results/125026,https://www.olympedia.org/results/125038,125026,125038
olympedia-124964,1964,Tokyo,Wrestling,"Flyweight, Freestyle, Men",individual,Gray Simons,Ali Aliyev,DRAW,Round Two,Round 2,Draw,,,Olympedia,https://www.olympedia.org/results/124937,https://www.olympedia.org/results/124964,124937,124964
olympedia-125253,1964,Tokyo,Wrestling,"Heavyweight, Freestyle, Men",individual,Larry Kristoff,Aleksandr Ivanitsky,USSR,Round Two,Round 2,Decision,,,Olympedia,https://www.olympedia.org/results/125234,https://www.olympedia.org/results/125253,125234,125253
olympedia-125492,1964,Tokyo,Wrestling,"Middleweight, Greco-Roman, Men",individual,Wayne Baughman,Valentin Olenik,USSR,Round Four,Round 4,Decision,,,Olympedia,https://www.olympedia.org/results/125485,https://www.olympedia.org/results/125492,125485,125492
olympedia-23983,1968,Mexico City,Boxing,"Heavyweight, Men",individual,George Foreman,Jonas Čepulis,USA,Final Round,Final,Referee stops contest,,,Olympedia,https://www.olympedia.org/results/23981,https://www.olympedia.org/results/23983,23981,23983
olympedia-93679,1968,Mexico City,Fencing,"Foil, Individual, Men",individual,Herb Cohen,Viktor Putyatin,USSR,Round Two / Pool #8,Round 2 / Pool 8,beat,,,Olympedia,https://www.olympedia.org/results/93474,https://www.olympedia.org/results/93679,93474,93679
olympedia-96178,1968,Mexico City,Fencing,"Foil, Individual, Women",individual,Jan Romary,Aleksandra Zabelina,USA,Round Two / Pool #1,Round 2 / Pool 1,beat,,,Olympedia,https://www.olympedia.org/results/96118,https://www.olympedia.org/results/96178,96118,96178
olympedia-96194,1968,Mexico City,Fencing,"Foil, Individual, Women",individual,Harriet King,Galina Gorokhova,USA,Round Two / Pool #2,Round 2 / Pool 2,beat,,,Olympedia,https://www.olympedia.org/results/96118,https://www.olympedia.org/results/96194,96118,96194
olympedia-96231,1968,Mexico City,Fencing,"Foil, Individual, Women",individual,Jan Romary,Aleksandra Zabelina,USSR,Round One / Pool #1,Round 1 / Pool 1,beat,,,Olympedia,https://www.olympedia.org/results/96118,https://www.olympedia.org/results/96231,96118,96231
olympedia-94279,1968,Mexico City,Fencing,"Sabre, Individual, Men",individual,Alfonso Morales,Vladimir Nazlymov,USSR,Round Two,Round 2,2 – 0,0.0,2.0,Olympedia,https://www.olympedia.org/results/94245,https://www.olympedia.org/results/94279,94245,94279
olympedia-94329,1968,Mexico City,Fencing,"Sabre, Individual, Men",individual,Jack Keane,Vladimir Nazlymov,USSR,Round Two / Pool #3,Round 2 / Pool 3,beat,,,Olympedia,https://www.olympedia.org/results/94245,https://www.olympedia.org/results/94329,94245,94329
olympedia-94346,1968,Mexico City,Fencing,"Sabre, Individual, Men",individual,Alfonso Morales,Umyar Mavlikhanov,USA,Round Two / Pool #4,Round 2 / Pool 4,beat,,,Olympedia,https://www.olympedia.org/results/94245,https://www.olympedia.org/results/94346,94245,94346
olympedia-94420,1968,Mexico City,Fencing,"Sabre, Individual, Men",individual,Alex Orban,Mark Rakita,USSR,Round One / Pool #4,Round 1 / Pool 4,beat,,,Olympedia,https://www.olympedia.org/results/94245,https://www.olympedia.org/results/94420,94245,94420
olympedia-94443,1968,Mexico City,Fencing,"Sabre, Individual, Men",individual,Jack Keane,Vladimir Nazlymov,USSR,Round One / Pool #5,Round 1 / Pool 5,beat,,,Olympedia,https://www.olympedia.org/results/94245,https://www.olympedia.org/results/94443,94245,94443
olympedia-94038,1968,Mexico City,Fencing,"Épée, Individual, Men",individual,Paul Pesthy,Grigory Kriss,USSR,Round Two / Pool #8,Round 2 / Pool 8,beat,,,Olympedia,https://www.olympedia.org/results/93838,https://www.olympedia.org/results/94038,93838,94038
olympedia-94077,1968,Mexico City,Fencing,"Épée, Individual, Men",individual,David Micahnik,Grigory Kriss,USSR,Round One / Pool #2,Round 1 / Pool 2,beat,,,Olympedia,https://www.olympedia.org/results/93838,https://www.olympedia.org/results/94077,93838,94077
olympedia-900185,1968,Mexico City,Tennis,"Singles, Men",individual,Jim McManus,Anatoly Volkov,USA,Round One,Round 1,"6-2, 2-6, 3-6, 6-4, 7-5",3.0,2.0,Olympedia,https://www.olympedia.org/results/900151,https://www.olympedia.org/results/900185,900151,900185
olympedia-900269,1968,Mexico City,Tennis,"Singles, Men",individual,Herb Fitzgibbon,Vladimir Korotkov,USSR,Round Two,Round 2,"6-4, 6-3",0.0,2.0,Olympedia,https://www.olympedia.org/results/900254,https://www.olympedia.org/results/900269,900254,900269
olympedia-900290,1968,Mexico City,Tennis,"Singles, Women",individual,Jane Bartkowicz,Zaiga Jansone,USA,Quarter-Finals,Quarter-final,"6-3, 7-5",2.0,0.0,Olympedia,https://www.olympedia.org/results/900283,https://www.olympedia.org/results/900290,900283,900290
olympedia-37072,1968,Mexico City,Volleyball,"Volleyball, Men",team,United States,Soviet Union,USA,Round-Robin,Round-Robin,"11-15, 15-10, 10-15, 15-10, 15-6",3.0,2.0,Olympedia,https://www.olympedia.org/results/37066,https://www.olympedia.org/results/37072,37066,37072
olympedia-37134,1968,Mexico City,Volleyball,"Volleyball, Women",team,United States,Soviet Union,USSR,Round-Robin,Round-Robin,"15-1, 6-15, 15-4, 15-6",1.0,3.0,Olympedia,https://www.olympedia.org/results/37114,https://www.olympedia.org/results/37134,37114,37134
olympedia-38466,1968,Mexico City,Water Polo,"Water Polo, Men",team,United States,Soviet Union,USSR,Group A,Group A,8 – 3,3.0,8.0,Olympedia,https://www.olympedia.org/results/38432,https://www.olympedia.org/results/38466,38432,38466
olympedia-125652,1968,Mexico City,Wrestling,"Bantamweight, Freestyle, Men",individual,Don Behm,Ali Aliyev,USA,Final Round,Final,Decision,,,Olympedia,https://www.olympedia.org/results/125649,https://www.olympedia.org/results/125652,125649,125652
olympedia-126110,1968,Mexico City,Wrestling,"Featherweight, Greco-Roman, Men",individual,Jim Hazewinkel,Roman Rurua,USSR,Round Two,Round 2,Fall (6:23),,,Olympedia,https://www.olympedia.org/results/126080,https://www.olympedia.org/results/126110,126080,126110
olympedia-126024,1968,Mexico City,Wrestling,"Flyweight, Greco-Roman, Men",individual,Rich Tamble,Vladimir Bakulin,USSR,Round One,Round 1,Decision,,,Olympedia,https://www.olympedia.org/results/125976,https://www.olympedia.org/results/126024,125976,126024
olympedia-125952,1968,Mexico City,Wrestling,"Heavyweight, Freestyle, Men",individual,Larry Kristoff,Aliaksandr Miadved,USSR,Round Four,Round 4,Disqualification,,,Olympedia,https://www.olympedia.org/results/125943,https://www.olympedia.org/results/125952,125943,125952
olympedia-126323,1968,Mexico City,Wrestling,"Heavyweight, Greco-Roman, Men",individual,Bob Roop,Anatoly Roshchin,USSR,Round Three,Round 3,Fall (2:48),,,Olympedia,https://www.olympedia.org/results/126308,https://www.olympedia.org/results/126323,126308,126323
olympedia-125803,1968,Mexico City,Wrestling,"Lightweight, Freestyle, Men",individual,Wayne Wells,Zarbeg Beriashvili,DRAW,Round One,Round 1,Draw,,,Olympedia,https://www.olympedia.org/results/125753,https://www.olympedia.org/results/125803,125753,125803
olympedia-126236,1968,Mexico City,Wrestling,"Middleweight, Greco-Roman, Men",individual,Wayne Baughman,Valentin Olenik,USSR,Round Five,Round Five,Fall (10:08),,,Olympedia,https://www.olympedia.org/results/126229,https://www.olympedia.org/results/126236,126229,126236
olympedia-32351,1972,Munich,Basketball,"Basketball, Men",team,United States,Soviet Union,USSR,Final Round,Final,51 – 50,50.0,51.0,Olympedia,https://www.olympedia.org/results/32349,https://www.olympedia.org/results/32351,32349,32351
olympedia-24090,1972,Munich,Boxing,"Bantamweight, Men",individual,Ricardo Carreras,Vasily Solomin,USA,Quarter-Finals,Quarter-final,Decision,,,Olympedia,https://www.olympedia.org/results/24081,https://www.olympedia.org/results/24090,24081,24090
olympedia-24413,1972,Munich,Boxing,"Heavyweight, Men",individual,Duane Bobick,Yury Nesterov,USA,Round One,Round 1,Decision,,,Olympedia,https://www.olympedia.org/results/24400,https://www.olympedia.org/results/24413,24400,24413
olympedia-24323,1972,Munich,Boxing,"Light-Middleweight, Men",individual,Reggie Jones,Valery Tregubov,USSR,Round Two,Round 2,Decision,,,Olympedia,https://www.olympedia.org/results/24299,https://www.olympedia.org/results/24323,24299,24323
olympedia-24345,1972,Munich,Boxing,"Middleweight, Men",individual,Marvin Johnson,Vyacheslav Lemeshev,USSR,Semi-Finals,Semi-final,Referee stops contest,,,Olympedia,https://www.olympedia.org/results/24340,https://www.olympedia.org/results/24345,24340,24345
olympedia-24266,1972,Munich,Boxing,"Welterweight, Men",individual,Jesse Valdez,Anatoly Khokhlov,USA,Quarter-Finals,Quarter-final,Decision,,,Olympedia,https://www.olympedia.org/results/24256,https://www.olympedia.org/results/24266,24256,24266
olympedia-96852,1972,Munich,Fencing,"Foil, Individual, Men",individual,Bert Freeman,Vasily Stankovich,USSR,Round Two / Pool #6,Round 2 / Pool 6,5 – 3,3.0,5.0,Olympedia,https://www.olympedia.org/results/96653,https://www.olympedia.org/results/96852,96653,96852
olympedia-96890,1972,Munich,Fencing,"Foil, Individual, Men",individual,John Nonna,Vladimir Denisov,USSR,Round One / Pool #2,Round 1 / Pool 2,5 – 4,4.0,5.0,Olympedia,https://www.olympedia.org/results/96653,https://www.olympedia.org/results/96890,96653,96890
olympedia-96981,1972,Munich,Fencing,"Foil, Individual, Men",individual,Bert Freeman,Anatoly Koteshev,USA,Round One / Pool #7,Round 1 / Pool 7,5 – 3,5.0,3.0,Olympedia,https://www.olympedia.org/results/96653,https://www.olympedia.org/results/96981,96653,96981
olympedia-99533,1972,Munich,Fencing,"Foil, Individual, Women",individual,Harriet King,Aleksandra Zabelina,USSR,Round One / Pool #1,Round 1 / Pool 1,4 – 1,1.0,4.0,Olympedia,https://www.olympedia.org/results/99414,https://www.olympedia.org/results/99533,99414,99533
olympedia-97496,1972,Munich,Fencing,"Sabre, Individual, Men",individual,Paul Apostol,Viktor Sidyak,USSR,Semi-Finals / Pool #2,Semi-final,5 – 3,3.0,5.0,Olympedia,https://www.olympedia.org/results/97460,https://www.olympedia.org/results/97496,97460,97496
olympedia-97512,1972,Munich,Fencing,"Sabre, Individual, Men",individual,Paul Apostol,Vladimir Nazlymov,USSR,Quarter-Finals / Pool #1,Quarter-final,5 – 4,4.0,5.0,Olympedia,https://www.olympedia.org/results/97460,https://www.olympedia.org/results/97512,97460,97512
olympedia-97514,1972,Munich,Fencing,"Sabre, Individual, Men",individual,Alfonso Morales,Vladimir Nazlymov,USSR,Quarter-Finals / Pool #1,Quarter-final,5 – 2,2.0,5.0,Olympedia,https://www.olympedia.org/results/97460,https://www.olympedia.org/results/97514,97460,97514
olympedia-97546,1972,Munich,Fencing,"Sabre, Individual, Men",individual,Alex Orban,Viktor Sidyak,USSR,Quarter-Finals / Pool #3,Quarter-final,5 – 2,2.0,5.0,Olympedia,https://www.olympedia.org/results/97460,https://www.olympedia.org/results/97546,97460,97546
olympedia-97641,1972,Munich,Fencing,"Sabre, Individual, Men",individual,Paul Apostol,Viktor Sidyak,USSR,Round Two / Pool #5,Round 2 / Pool 5,5 – 4,4.0,5.0,Olympedia,https://www.olympedia.org/results/97460,https://www.olympedia.org/results/97641,97460,97641
olympedia-97708,1972,Munich,Fencing,"Sabre, Individual, Men",individual,Paul Apostol,Viktor Sidyak,USSR,Round One / Pool #3,Round 1 / Pool 3,5 – 4,4.0,5.0,Olympedia,https://www.olympedia.org/results/97460,https://www.olympedia.org/results/97708,97460,97708
olympedia-97335,1972,Munich,Fencing,"Épée, Individual, Men",individual,George Masin,Sergey Paramonov,USSR,Round One / Pool #5,Round 1 / Pool 5,5 – 4,4.0,5.0,Olympedia,https://www.olympedia.org/results/97028,https://www.olympedia.org/results/97335,97028,97335
olympedia-15327,1972,Munich,Judo,"Half-Heavyweight, Men",individual,Jimmy Wooley,Shota Chochishvili,USSR,Repêchage,Repêchage,Ippon,,,Olympedia,https://www.olympedia.org/results/15299,https://www.olympedia.org/results/15327,15299,15327
olympedia-15258,1972,Munich,Judo,"Middleweight, Men",individual,Irwin Cohen,Guram Gogolauri,USSR,Round Two,Round 2,Ippon,,,Olympedia,https://www.olympedia.org/results/15240,https://www.olympedia.org/results/15258,15240,15258
olympedia-38512,1972,Munich,Water Polo,"Water Polo, Men",team,United States,Soviet Union,DRAW,Final Round,Final,6 – 6,6.0,6.0,Olympedia,https://www.olympedia.org/results/38502,https://www.olympedia.org/results/38512,38502,38512
olympedia-126522,1972,Munich,Wrestling,"Featherweight, Freestyle, Men",individual,Gene Davis,Zagalav Abdulbekov,USSR,Round Three,Round 3,Fall (3:25),,,Olympedia,https://www.olympedia.org/results/126494,https://www.olympedia.org/results/126522,126494,126522
olympedia-127217,1972,Munich,Wrestling,"Heavyweight, Greco-Roman, Men",individual,Buck Deadrich,Nikolay Yakovenko,USSR,Round One,Round 1,Fall (7:23),,,Olympedia,https://www.olympedia.org/results/127190,https://www.olympedia.org/results/127217,127190,127217
olympedia-126729,1972,Munich,Wrestling,"Light-Heavyweight, Freestyle, Men",individual,Ben Peterson,Gennady Strakhov,DRAW,Round Three,Round 3,Draw,,,Olympedia,https://www.olympedia.org/results/126710,https://www.olympedia.org/results/126729,126710,126729
olympedia-126554,1972,Munich,Wrestling,"Lightweight, Freestyle, Men",individual,Dan Gable,Ruslan Ashuraliyev,USA,Final Round,Final,Decision,,,Olympedia,https://www.olympedia.org/results/126551,https://www.olympedia.org/results/126554,126551,126554
olympedia-126672,1972,Munich,Wrestling,"Middleweight, Freestyle, Men",individual,John Peterson,Levan Tediashvili,USSR,Round Four,Round 4,Decision,,,Olympedia,https://www.olympedia.org/results/126660,https://www.olympedia.org/results/126672,126660,126672
olympedia-126825,1972,Munich,Wrestling,"Super-Heavyweight, Freestyle, Men",individual,Chris Taylor,Aliaksandr Miadved,USSR,Round One,Round 1,Decision,,,Olympedia,https://www.olympedia.org/results/126798,https://www.olympedia.org/results/126825,126798,126825
olympedia-32492,1976,Montreal,Basketball,"Basketball, Women",team,United States,Soviet Union,USSR,Round-Robin,Round-Robin,112 – 77,77.0,112.0,Olympedia,https://www.olympedia.org/results/32480,https://www.olympedia.org/results/32492,32480,32492
olympedia-24499,1976,Montreal,Boxing,"Bantamweight, Men",individual,Charlie Mooney,Viktor Rybakov,USA,Semi-Finals,Semi-final,Decision,,,Olympedia,https://www.olympedia.org/results/24495,https://www.olympedia.org/results/24499,24495,24499
olympedia-24573,1976,Montreal,Boxing,"Featherweight, Men",individual,Davey Armstrong,Anatoly Volkov,USA,Round Two,Round 2,Decision,,,Olympedia,https://www.olympedia.org/results/24540,https://www.olympedia.org/results/24573,24540,24573
olympedia-24793,1976,Montreal,Boxing,"Light-Heavyweight, Men",individual,Leon Spinks,Anatoly Klimanov,USA,Round Two,Round 2,Decision,,,Olympedia,https://www.olympedia.org/results/24775,https://www.olympedia.org/results/24793,24775,24793
olympedia-24657,1976,Montreal,Boxing,"Light-Welterweight, Men",individual,Sugar Ray Leonard,Valery Limasov,USA,Round Two,Round 2,Decision,,,Olympedia,https://www.olympedia.org/results/24621,https://www.olympedia.org/results/24657,24621,24657
olympedia-24748,1976,Montreal,Boxing,"Middleweight, Men",individual,Michael Spinks,Rufat Riskiyev,USA,Final Round,Final,Referee stops contest,,,Olympedia,https://www.olympedia.org/results/24746,https://www.olympedia.org/results/24748,24746,24748
olympedia-100087,1976,Montreal,Fencing,"Foil, Individual, Men",individual,Ed Donofrio,Vasily Stankovich,USSR,Round Three / Pool #4,Round 3 / Pool 4,5 – 4,4.0,5.0,Olympedia,https://www.olympedia.org/results/100009,https://www.olympedia.org/results/100087,100009,100087
olympedia-100147,1976,Montreal,Fencing,"Foil, Individual, Men",individual,Marty Lang,Vladimir Denisov,USSR,Round Two / Pool #2,Round 2 / Pool 2,5 – 2,2.0,5.0,Olympedia,https://www.olympedia.org/results/100009,https://www.olympedia.org/results/100147,100009,100147
olympedia-100266,1976,Montreal,Fencing,"Foil, Individual, Men",individual,Marty Lang,Vladimir Denisov,USSR,Round One / Pool #3,Round 1 / Pool 3,5 – 1,1.0,5.0,Olympedia,https://www.olympedia.org/results/100009,https://www.olympedia.org/results/100266,100009,100266
olympedia-100280,1976,Montreal,Fencing,"Foil, Individual, Men",individual,Ed Donofrio,Vasily Stankovich,USSR,Round One / Pool #4,Round 1 / Pool 4,5 – 1,1.0,5.0,Olympedia,https://www.olympedia.org/results/100009,https://www.olympedia.org/results/100280,100009,100280
olympedia-102939,1976,Montreal,Fencing,"Foil, Individual, Women",individual,Ann O'Donnell,Yelena Belova,USSR,Round One / Pool #3,Round 1 / Pool 3,5 – 0,0.0,5.0,Olympedia,https://www.olympedia.org/results/102704,https://www.olympedia.org/results/102939,102704,102939
olympedia-100791,1976,Montreal,Fencing,"Sabre, Individual, Men",individual,Paul Apostol,Viktor Krovopuskov,USSR,Round Three / Pool #3,Round 3 / Pool 3,5 – 3,3.0,5.0,Olympedia,https://www.olympedia.org/results/100738,https://www.olympedia.org/results/100791,100738,100791
olympedia-100807,1976,Montreal,Fencing,"Sabre, Individual, Men",individual,Peter Westbrook,Vladimir Nazlymov,USSR,Round Three / Pool #4,Round 3 / Pool 4,5 – 2,2.0,5.0,Olympedia,https://www.olympedia.org/results/100738,https://www.olympedia.org/results/100807,100738,100807
olympedia-100840,1976,Montreal,Fencing,"Sabre, Individual, Men",individual,Paul Apostol,Viktor Krovopuskov,USSR,Round One,Round 1,10 – 4,4.0,10.0,Olympedia,https://www.olympedia.org/results/100738,https://www.olympedia.org/results/100840,100738,100840
olympedia-100843,1976,Montreal,Fencing,"Sabre, Individual, Men",individual,Peter Westbrook,Vladimir Nazlymov,USSR,Round One,Round 1,10 – 4,4.0,10.0,Olympedia,https://www.olympedia.org/results/100738,https://www.olympedia.org/results/100843,100738,100843
olympedia-100872,1976,Montreal,Fencing,"Sabre, Individual, Men",individual,Stephen Kaplan,Vladimir Nazlymov,USSR,Round Two / Pool #2,Round 2 / Pool 2,5 – 2,2.0,5.0,Olympedia,https://www.olympedia.org/results/100738,https://www.olympedia.org/results/100872,100738,100872
olympedia-100898,1976,Montreal,Fencing,"Sabre, Individual, Men",individual,Peter Westbrook,Viktor Sidyak,USSR,Round Two / Pool #4,Round 2 / Pool 4,5 – 2,2.0,5.0,Olympedia,https://www.olympedia.org/results/100738,https://www.olympedia.org/results/100898,100738,100898
olympedia-100643,1976,Montreal,Fencing,"Épée, Individual, Men",individual,Scotty Bozek,Aleksandr Bykov,USSR,Round One / Pool #6,Round 1 / Pool 6,5 – 1,1.0,5.0,Olympedia,https://www.olympedia.org/results/100375,https://www.olympedia.org/results/100643,100375,100643
olympedia-127393,1976,Montreal,Wrestling,"Featherweight, Freestyle, Men",individual,Gene Davis,Sergey Timofeyev,USA,Round Four,Round 4,Decision (29-13),,,Olympedia,https://www.olympedia.org/results/127382,https://www.olympedia.org/results/127393,127382,127393
olympedia-127307,1976,Montreal,Wrestling,"Flyweight, Freestyle, Men",individual,James Haines,Aleksandr Ivanov,USSR,Round Three,Round 3,Decision (18-10),,,Olympedia,https://www.olympedia.org/results/127289,https://www.olympedia.org/results/127307,127289,127307
olympedia-127617,1976,Montreal,Wrestling,"Heavyweight, Freestyle, Men",individual,Russ Hellickson,Ivan Yarygin,USSR,Round Five,Round Five,Decision (19-13),,,Olympedia,https://www.olympedia.org/results/127614,https://www.olympedia.org/results/127617,127614,127617
olympedia-128006,1976,Montreal,Wrestling,"Heavyweight, Greco-Roman, Men",individual,Brad Rheingans,Nikolay Balboshin,USSR,Round Four,Round 4,Fall (3:58),,,Olympedia,https://www.olympedia.org/results/128000,https://www.olympedia.org/results/128006,128000,128006
olympedia-127282,1976,Montreal,Wrestling,"Light-Flyweight, Freestyle, Men",individual,Billy Rosado,Roman Dmitriyev,USSR,Round One,Round 1,Fall (5:35),,,Olympedia,https://www.olympedia.org/results/127248,https://www.olympedia.org/results/127282,127248,127282
olympedia-127701,1976,Montreal,Wrestling,"Light-Flyweight, Greco-Roman, Men",individual,Mike Farina,Aleksey Shumakov,USSR,Round Three,Round 3,Dq (5:50),,,Olympedia,https://www.olympedia.org/results/127684,https://www.olympedia.org/results/127701,127684,127701
olympedia-127566,1976,Montreal,Wrestling,"Light-Heavyweight, Freestyle, Men",individual,Ben Peterson,Levan Tediashvili,USSR,Final Round,Final,Decision (11-5),,,Olympedia,https://www.olympedia.org/results/127565,https://www.olympedia.org/results/127566,127565,127566
olympedia-127429,1976,Montreal,Wrestling,"Lightweight, Freestyle, Men",individual,Butch Keaser,Pavel Pinigin,USSR,Final Round,Final,Decision (12-1),,,Olympedia,https://www.olympedia.org/results/127425,https://www.olympedia.org/results/127429,127425,127429
olympedia-127530,1976,Montreal,Wrestling,"Middleweight, Freestyle, Men",individual,John Peterson,Viktor Novozhilov,USA,Round Five,Round Five,Decision (20-4),,,Olympedia,https://www.olympedia.org/results/127524,https://www.olympedia.org/results/127530,127524,127530
olympedia-127668,1976,Montreal,Wrestling,"Super-Heavyweight, Freestyle, Men",individual,Jimmy Jackson,Soslan Andiyev,USSR,Round Two,Round 2,Fall (1:16),,,Olympedia,https://www.olympedia.org/results/127646,https://www.olympedia.org/results/127668,127646,127668
olympedia-127484,1976,Montreal,Wrestling,"Welterweight, Freestyle, Men",individual,Stan Dziedzic,Ruslan Ashuraliyev,USA,Round Five,Round Five,Decision (9-6),,,Olympedia,https://www.olympedia.org/results/127478,https://www.olympedia.org/results/127484,127478,127484
olympedia-32655,1988,Seoul,Basketball,"Basketball, Men",team,United States,Soviet Union,USSR,Semi-Finals,Semi-final,82 – 76,76.0,82.0,Olympedia,https://www.olympedia.org/results/32646,https://www.olympedia.org/results/32655,32646,32655
olympedia-32709,1988,Seoul,Basketball,"Basketball, Women",team,United States,Soviet Union,USA,Semi-Finals,Semi-final,102 – 88,102.0,88.0,Olympedia,https://www.olympedia.org/results/32701,https://www.olympedia.org/results/32709,32701,32709
olympedia-26014,1988,Seoul,Boxing,"Light-Heavyweight, Men",individual,Andrew Maynard,Nurmagomed Shanavazov,USA,Final Round,Final,Decision,,,Olympedia,https://www.olympedia.org/results/26012,https://www.olympedia.org/results/26014,26012,26014
olympedia-25937,1988,Seoul,Boxing,"Light-Middleweight, Men",individual,"Roy Jones, Jr.",Yevgeny Zaytsev,USA,Quarter-Finals,Quarter-final,Decision,,,Olympedia,https://www.olympedia.org/results/25929,https://www.olympedia.org/results/25937,25929,25937
olympedia-26071,1988,Seoul,Boxing,"Super-Heavyweight, Men",individual,Riddick Bowe,Alex Miroshnichenko,USA,Semi-Finals,Semi-final,Decision,,,Olympedia,https://www.olympedia.org/results/26067,https://www.olympedia.org/results/26071,26067,26071
olympedia-108506,1988,Seoul,Fencing,"Foil, Individual, Men",individual,Peter Lewison,Aleksandr Romankov,USSR,Round Four Repêchage,Round Four Repêchage,10 – 1,1.0,10.0,Olympedia,https://www.olympedia.org/results/108488,https://www.olympedia.org/results/108506,108488,108506
olympedia-108740,1988,Seoul,Fencing,"Foil, Individual, Men",individual,Dave Littell,Boris Koretsky,USSR,Round Two / Pool #6,Round 2 / Pool 6,5 – 4,4.0,5.0,Olympedia,https://www.olympedia.org/results/108488,https://www.olympedia.org/results/108740,108488,108740
olympedia-108859,1988,Seoul,Fencing,"Foil, Individual, Men",individual,Dave Littell,Aleksandr Romankov,USSR,Round One / Pool #7,Round 1 / Pool 7,5 – 2,2.0,5.0,Olympedia,https://www.olympedia.org/results/108488,https://www.olympedia.org/results/108859,108488,108859
olympedia-111484,1988,Seoul,Fencing,"Foil, Individual, Women",individual,Mary O'Neill,Yelena Glikina,USSR,Round Two / Pool #1,Round 2 / Pool 1,5 – 2,2.0,5.0,Olympedia,https://www.olympedia.org/results/111376,https://www.olympedia.org/results/111484,111376,111484
olympedia-111516,1988,Seoul,Fencing,"Foil, Individual, Women",individual,Sharon Monplaisir,Tatyana Sadovskaya,USSR,Round Two / Pool #3,Round 2 / Pool 3,5 – 0,0.0,5.0,Olympedia,https://www.olympedia.org/results/111376,https://www.olympedia.org/results/111516,111376,111516
olympedia-111616,1988,Seoul,Fencing,"Foil, Individual, Women",individual,Mary O'Neill,Tatyana Sadovskaya,USSR,Round One / Pool #4,Round 1 / Pool 4,5 – 4,4.0,5.0,Olympedia,https://www.olympedia.org/results/111376,https://www.olympedia.org/results/111616,111376,111616
olympedia-109506,1988,Seoul,Fencing,"Sabre, Individual, Men",individual,Steve Mormando,Andrey Alshan,USSR,Round One,Round 1,10 – 1,1.0,10.0,Olympedia,https://www.olympedia.org/results/109473,https://www.olympedia.org/results/109506,109473,109506
olympedia-109569,1988,Seoul,Fencing,"Sabre, Individual, Men",individual,Peter Westbrook,Georgy Pogosov,USSR,Round Three / Pool #4,Round 3 / Pool 4,5 – 4,4.0,5.0,Olympedia,https://www.olympedia.org/results/109473,https://www.olympedia.org/results/109569,109473,109569
olympedia-109624,1988,Seoul,Fencing,"Sabre, Individual, Men",individual,Peter Westbrook,Georgy Pogosov,USSR,Round Two / Pool #5,Round 2 / Pool 5,5 – 3,3.0,5.0,Olympedia,https://www.olympedia.org/results/109473,https://www.olympedia.org/results/109624,109473,109624
olympedia-109675,1988,Seoul,Fencing,"Sabre, Individual, Men",individual,Mike Lofton,Georgy Pogosov,USSR,Round One / Pool #2,Round 1 / Pool 2,5 – 4,4.0,5.0,Olympedia,https://www.olympedia.org/results/109473,https://www.olympedia.org/results/109675,109473,109675
olympedia-109713,1988,Seoul,Fencing,"Sabre, Individual, Men",individual,Peter Westbrook,Andrey Alshan,USSR,Round One / Pool #4,Round 1 / Pool 4,5 – 4,4.0,5.0,Olympedia,https://www.olympedia.org/results/109473,https://www.olympedia.org/results/109713,109473,109713
olympedia-109033,1988,Seoul,Fencing,"Épée, Individual, Men",individual,Stephen Trevor,Mikhail Tishko,USSR,Round Three / Pool #1,Round 3 / Pool 1,5 – 1,1.0,5.0,Olympedia,https://www.olympedia.org/results/108952,https://www.olympedia.org/results/109033,108952,109033
olympedia-34048,1988,Seoul,Football,"Football, Men",team,United States,Soviet Union,USSR,Preliminary Round / Group C,Preliminary Round / Group C,4 – 2,2.0,4.0,Olympedia,https://www.olympedia.org/results/34016,https://www.olympedia.org/results/34048,34016,34048
olympedia-34759,1988,Seoul,Handball,"Handball, Men",team,United States,Soviet Union,USSR,Group A,Group A,26 – 14,14.0,26.0,Olympedia,https://www.olympedia.org/results/34742,https://www.olympedia.org/results/34759,34742,34759
olympedia-16680,1988,Seoul,Judo,"Half-Middleweight, Men",individual,Jason Morris,Bashir Varayev,USSR,Round Two,Round 2,Yusei-gachi,,,Olympedia,https://www.olympedia.org/results/16634,https://www.olympedia.org/results/16680,16634,16680
olympedia-46934,1988,Seoul,Table Tennis,"Singles, Women",individual,Diana Gee,Olena Kovtun,USSR,Group A,Group A,3 – 0,0.0,3.0,Olympedia,https://www.olympedia.org/results/46903,https://www.olympedia.org/results/46934,46903,46934
olympedia-46977,1988,Seoul,Table Tennis,"Singles, Women",individual,Insook Bhushan,Valentina Popova,USSR,Group C,Group C,3 – 0,0.0,3.0,Olympedia,https://www.olympedia.org/results/46903,https://www.olympedia.org/results/46977,46903,46977
olympedia-45065,1988,Seoul,Tennis,"Singles, Men",individual,Brad Gilbert,Andrey Cherkasov,USA,Round Two,Round 2,"6-4, 1-6, 6-1, 6-2",3.0,1.0,Olympedia,https://www.olympedia.org/results/45037,https://www.olympedia.org/results/45065,45037,45065
olympedia-37406,1988,Seoul,Volleyball,"Volleyball, Men",team,United States,Soviet Union,USA,Final Round,Final,"13-15, 15-10, 15-4, 15-8",3.0,1.0,Olympedia,https://www.olympedia.org/results/37404,https://www.olympedia.org/results/37406,37404,37406
olympedia-38733,1988,Seoul,Water Polo,"Water Polo, Men",team,United States,Soviet Union,USA,Semi-Finals,Semi-final,8 – 7,8.0,7.0,Olympedia,https://www.olympedia.org/results/38727,https://www.olympedia.org/results/38733,38727,38733
olympedia-129775,1988,Seoul,Wrestling,"Featherweight, Freestyle, Men",individual,John Smith,Stepan Sargsyan,USA,Final Round,Final,Decision (4-0),,,Olympedia,https://www.olympedia.org/results/129773,https://www.olympedia.org/results/129775,129773,129775
olympedia-130437,1988,Seoul,Wrestling,"Featherweight, Greco-Roman, Men",individual,Ike Anderson,Kamandar Madzhydau,USSR,Group A - Round Five,Group A - Round Five,Decision (2-1),,,Olympedia,https://www.olympedia.org/results/130430,https://www.olympedia.org/results/130437,130430,130437
olympedia-130745,1988,Seoul,Wrestling,"Heavyweight, Greco-Roman, Men",individual,Dennis Koslowski,Guram Gedekhauri,USSR,Group A - Round Four,Group A - Round Four,Decision (5-4),,,Olympedia,https://www.olympedia.org/results/130729,https://www.olympedia.org/results/130745,130729,130745
olympedia-129574,1988,Seoul,Wrestling,"Light-Flyweight, Freestyle, Men",individual,Tim Vanni,Sergey Karamchakov,USSR,Final Round,Final,Decision (3-1),,,Olympedia,https://www.olympedia.org/results/129571,https://www.olympedia.org/results/129574,129571,129574
olympedia-130533,1988,Seoul,Wrestling,"Lightweight, Greco-Roman, Men",individual,Andy Seras,Levon Julfalakyan,USSR,Group B - Round Three,Group B - Round Three,Decision (9-2),,,Olympedia,https://www.olympedia.org/results/130475,https://www.olympedia.org/results/130533,130475,130533
olympedia-130061,1988,Seoul,Wrestling,"Middleweight, Freestyle, Men",individual,Mark Schultz,Aleksandr Tambovtsev,USSR,Group B - Round Six,Group B - Round Six,Decision (7-3),,,Olympedia,https://www.olympedia.org/results/130015,https://www.olympedia.org/results/130061,130015,130061
olympedia-130231,1988,Seoul,Wrestling,"Super-Heavyweight, Freestyle, Men",individual,Bruce Baumgartner,Davit Gobejishvili,USSR,Final Round,Final,Decision (3-1),,,Olympedia,https://www.olympedia.org/results/130229,https://www.olympedia.org/results/130231,130229,130231
olympedia-130797,1988,Seoul,Wrestling,"Super-Heavyweight, Greco-Roman, Men",individual,Duane Koslowski,Aleksandr Karelin,USSR,Group A - Round Four,Group A - Round Four,Decision (15-0) (2:23),,,Olympedia,https://www.olympedia.org/results/130789,https://www.olympedia.org/results/130797,130789,130797
olympedia-129933,1988,Seoul,Wrestling,"Welterweight, Freestyle, Men",individual,Kenny Monday,Adlan Varayev,USA,Final Round,Final,Decision (5-2) (6:42),,,Olympedia,https://www.olympedia.org/results/129931,https://www.olympedia.org/results/129933,129931,129933
